id-ditc,nome-slug,nome-antes,nome,cod,lat,lon,alt,id,name-original,elevação,lat_dms,lon_dms,Igualdade,FuzzySet
1,cruzeiro-do-sul,Cruzeiro do Sul-A108,Cruzeiro do Sul,A108,-7.610773,-72.681333,220 ,227,ESTAÇÃO METEOROLÓGICA AUTOMATICA DE CRUZEIRO DO SUL/AC,220.00,07°36'S,72°40'W,IGUAL,1
2,epitaciolandia,Epitaciolândia-A140,Epitaciolândia,A140,-11.023752,-68.735180,225 ,231,ESTAÇÃO METEOROLÓGICA AUTOMATICA DE EPITACIOLANDIA/AC,217.00,11°01'S,68°44'W,IGUAL,1
3,feijo,Feijó-A138,Feijó,A138,-8.142654,-70.343594,157 ,230,ESTAÇÃO METEOROLÓGICA AUTOMATICA DE FEIJO/AC,163.00,08°08'S,70°20'W,IGUAL,1
4,marechal-thaumaturgo,Marechal Thaumaturgo-A137,Marechal Thaumaturgo,A137,-8.950008,-72.786778,221 ,229,ESTAÇÃO METEOROLÓGICA AUTOMATICA DE MARECHAL THAUMATURGO/AC,230.00,08°57'S,72°47'W,IGUAL,1
6,porto-walter,Porto Walter-A136,Porto Walter,A136,-8.267197,-72.747838,205 ,228,ESTAÇÃO METEOROLÓGICA AUTOMATICA DE PORTO WALTER/AC,204.00,08°16'S,72°44'W,IGUAL,1
7,rio-branco,Rio Branco-A104,Rio Branco,A104,-9.957844,-68.165169,224 ,226,ESTAÇÃO METEOROLÓGICA AUTOMATICA DE RIO BRANCO/AC,220.00,09°57'S,68°09'W,IGUAL,1
8,arapiraca,Arapiraca-A353,Arapiraca,A353,-9.804551,-36.619198,237 ,93,ESTAÇÃO METEOROLÓGICA AUTOMATICA DE ARAPIRACA/AL,241.00,09°48'S,36°37'W,IGUAL,1
9,coruripe,Coruripe-A355,Coruripe,A355,-10.128482,-36.286348,82 ,94,ESTAÇÃO METEOROLÓGICA AUTOMATICA DE CORURIPE/AL,74.00,10°07'S,36°17'W,IGUAL,1
10,maceio,Maceió-A303,Maceió,A303,-9.551168,-35.770195,84 ,90,ESTAÇÃO METEOROLÓGICA AUTOMATICA DE MACEIÓ/AL,64.50,09°33'S,35°46'W,IGUAL,1
11,palmeira-dos-indios,Palmeira dos Índios-A327,Palmeira dos Índios,A327,-9.420334,-36.620371,278 ,92,ESTAÇÃO METEOROLÓGICA AUTOMATICA DE PALMEIRA DOS INDIOS/AL,275.00,09°25'S,36°37'W,IGUAL,1
12,pao-de-acucar,Pão de Açucar-A323,Pão de Açucar,A323,-9.749220,-37.430765,21 ,91,ESTAÇÃO METEOROLÓGICA AUTOMATICA DE PÃO DE AÇUCAR/AL,19.00,09°45'S,37°26'W,IGUAL,1
14,sao-luis-do-quitunde,São Luis do Quitunde-A356,São Luis do Quitunde,A356,-9.287481,-35.565878,14 ,95,ESTAÇÃO METEOROLÓGICA AUTOMATICA DE SÃO LUIS DO QUITUNDE/AL,19.00,09°17'S,35°33'W,IGUAL,1
15,apui,Apui-A113,Apui,A113,-7.205475,-59.888561,157 ,237,ESTAÇÃO METEOROLÓGICA AUTOMATICA DE APUI/AM,168.00,07°12'S,59°53'W,IGUAL,1
16,autazes,Autazes-A120,Autazes,A120,-3.583333,-59.12944,20 ,240,ESTAÇÃO METEOROLÓGICA AUTOMATICA DE AUTAZES/AM,28.00,03°34'S,59°07'W,IGUAL,1
17,barcelos,Barcelos-A128,Barcelos,A128,-0.987292,-62.924251,30 ,247,ESTAÇÃO METEOROLÓGICA AUTOMATICA DE BARCELOS/AM,17.00,00°59'S,62°55'W,IGUAL,1
18,boca-do-acre,Boca do Acre-A110,Boca do Acre,A110,-8.776804,-67.332557,112 ,234,ESTAÇÃO METEOROLÓGICA AUTOMATICA DE BOCA DO ACRE/AM,111.00,08°46'S,67°19'W,IGUAL,1
19,coari,Coari-A117,Coari,A117,-4.097483,-63.145322,34 ,238,ESTAÇÃO METEOROLÓGICA AUTOMATICA DE COARI/AM,43.00,04°05'S,63°08'W,IGUAL,1
20,eirunepe,Eirunepé-A109,Eirunepé,A109,-6.650301,-69.868610,122 ,233,ESTAÇÃO METEOROLÓGICA AUTOMATICA DE EIRUNEPÉ/AM,143.00,06°39'S,69°52'W,IGUAL,1
21,humaita,Humaitá-A112,Humaitá,A112,-7.552520,-63.071343,54 ,236,ESTAÇÃO METEOROLÓGICA AUTOMATICA DE HUMAITA/AM,72.00,07°38'S,63°04'W,IGUAL,1
22,itacoatiara,Itacoatiara-A121,Itacoatiara,A121,-3.133333,-58.48278,42 ,241,ESTAÇÃO METEOROLÓGICA AUTOMATICA DE ITACOATIARA/AM,37.00,03°07'S,58°28'W,IGUAL,1
23,labrea,Lábrea-A111,Lábrea,A111,-7.260681,-64.788501,62 ,235,ESTAÇÃO METEOROLÓGICA AUTOMATICA DE LABREA/AM,64.00,07°15'S,64°47'W,IGUAL,1
30,manacapuru,Manacapuru-A119,Manacapuru,A119,-3.294638,-60.628402,37 ,239,ESTAÇÃO METEOROLÓGICA AUTOMATICA DE MANACAPURU/AM,19.00,03°17'S,60°37'W,IGUAL,1
32,urucara,Urucará-A124,Urucará,A124,-2.534749,-57.758099,18 ,244,ESTAÇÃO METEOROLÓGICA AUTOMATICA DE URUCARA/AM,17.00,02°32'S,57°45'W,IGUAL,1
34,macapa,Macapá-A249,Macapá,A249,0.035020,-51.088763,17 ,253,ESTAÇÃO METEOROLÓGICA AUTOMATICA DE MACAPA/AP,27.00,03°52'S,51°08'W,IGUAL,1
35,oiapoque,Oiapoque-A242,Oiapoque,A242,3.813583,-51.862500,15 ,250,ESTAÇÃO METEOROLÓGICA AUTOMATICA DE OIAPOQUE/AP,19.00,03°48'N,51°51'W,IGUAL,1
36,tartarugalzinho,Tartarugalzinho-A243,Tartarugalzinho,A243,1.496667,-50.9167,21 ,251,ESTAÇÃO METEOROLÓGICA AUTOMATICA DE TARTARUGALZINHO/AP,21.00,01°29'N,50°55'W,IGUAL,1
37,abrolhos,Abrolhos-A422,Abrolhos,A422,-17.963016,-38.703288,21 ,112,ESTAÇÃO METEOROLÓGICA AUTOMATICA DE ABROLHOS/BA,25.00,17°57'S,38°41'W,IGUAL,1
38,amargosa,Amargosa-A434,Amargosa,A434,-13.009468,-39.616881,398 ,124,ESTAÇÃO METEOROLÓGICA AUTOMATICA DE AMARGOSA/BA,407.00,13°00'S,39°37'W,IGUAL,1
39,barra,Barra-A429,Barra,A429,-11.084858,-43.138998,408 ,119,ESTAÇÃO METEOROLÓGICA AUTOMATICA DE BARRA/BA,403.00,11°05'S,43°08'W,IGUAL,1
40,barreiras,Barreiras-A402,Barreiras,A402,-12.124715,-45.027049,474 ,97,ESTAÇÃO METEOROLÓGICA AUTOMATICA DE BARREIRAS/BA,470.37,12°09'S,45°01'W,IGUAL,1
41,belmonte,Belmonte-A447,Belmonte,A447,-16.088049,-39.215389,90 ,137,ESTAÇÃO METEOROLÓGICA AUTOMATICA DE BELMONTE/BA,88.00,16°05'S,39°12'W,IGUAL,1
42,bom-jesus-da-lapa,Bom Jesus da Lapa-A418,Bom Jesus da Lapa,A418,-13.251094,-43.405365,448 ,111,ESTAÇÃO METEOROLÓGICA AUTOMATICA DE BOM JESUS DA LAPA/BA,440.00,13°25'S,43°11'W,IGUAL,1
43,brumado,Brumado-A433,Brumado,A433,-14.181886,-41.672281,473 ,123,ESTAÇÃO METEOROLÓGICA AUTOMATICA DE BRUMADO/BA,470.00,14°11'S,41°20'W,IGUAL,1
44,buritirama,Buritirama-A432,Buritirama,A432,-10.722925,-43.651203,506 ,122,ESTAÇÃO METEOROLÓGICA AUTOMATICA DE BURITIRAMA/BA,502.00,10°43'S,43°39'W,IGUAL,1
45,caravelas,Caravelas-A405,Caravelas,A405,-17.739413,-39.258617,6 ,100,ESTAÇÃO METEOROLÓGICA AUTOMATICA DE CARAVELAS/BA,2.88,17°44'S,39°16'W,IGUAL,1
46,conde,Conde-A431,Conde,A431,-12.035833,-37.683889,32 ,121,ESTAÇÃO METEOROLÓGICA AUTOMATICA DE CONDE/BA,10.00,11°48'S,37°35'W,IGUAL,1
47,correntina,Correntina-A416,Correntina,A416,-13.332386,-44.617376,552 ,110,ESTAÇÃO METEOROLÓGICA AUTOMATICA DE CORRENTINA/BA,540.00,13°20'S,44°37'W,IGUAL,1
48,cruz-das-almas,Cruz das Almas-A406,Cruz das Almas,A406,-12.675422,-39.089580,220 ,101,ESTAÇÃO METEOROLÓGICA AUTOMATICA DE CRUZ DAS ALMAS/BA,225.87,12°39'S,39°09'W,IGUAL,1
49,curaca,Curaçá-A448,Curaçá,A448,-9.0013,-39.9124,370 ,138,ESTAÇÃO METEOROLÓGICA AUTOMATICA DE CURACA/BA,370.00,09°00'S,39°91'W,IGUAL,1
50,delfino,Delfino-A443,Delfino,A443,-10.454920,-41.206996,646 ,133,ESTAÇÃO METEOROLÓGICA AUTOMATICA DE DELFINO/BA,637.00,10°27'S,41°12'W,IGUAL,1
51,euclides-da-cunha,Euclides da Cunha-A442,Euclides da Cunha,A442,-10.537233,-38.996605,432 ,132,ESTAÇÃO METEOROLÓGICA AUTOMATICA DE EUCLIDES DA CUNHA/BA,432.00,10°32'S,38°59'W,IGUAL,1
52,feira-de-santana,Feira de Santana-A413,Feira de Santana,A413,-12.196200,-38.967384,230 ,107,ESTAÇÃO METEOROLÓGICA AUTOMATICA DE FEIRA DE SANTANA/BA,231.00,12°15'S,38°58'W,IGUAL,1
54,guanambi,Guanambi-A426,Guanambi,A426,-14.2081235,-42.749647,552 ,116,ESTAÇÃO METEOROLÓGICA AUTOMATICA DE GUANAMBI/BA,882.00,14°12'S,42°44'W,IGUAL,1
55,ibotirama,Ibotirama-A439,Ibotirama,A439,-12.193060,-43.213420,425 ,129,ESTAÇÃO METEOROLÓGICA AUTOMATICA DE IBOTIRAMA/BA,430.00,12°11'S,43°12'W,IGUAL,1
56,ilheus,Ilhéus-A410,Ilhéus,A410,-14.658803,-39.181438,80 ,104,ESTAÇÃO METEOROLÓGICA AUTOMATICA DE ILHEUS/BA,78.00,14°39'S,39°09'W,IGUAL,1
57,ipiau,Ipiaú-A445,Ipiaú,A445,-14.171304,-39.692502,132 ,135,ESTAÇÃO METEOROLÓGICA AUTOMATICA DE IPIAU/BA,125.00,14°10'S,39°41'W,IGUAL,1
58,irece,Irecê-A424,Irecê,A424,-11.328998,-41.864504,768 ,114,ESTAÇÃO METEOROLÓGICA AUTOMATICA DE IRECÊ/BA,755.00,11°19'S,41°51'W,IGUAL,1
59,itaberaba,Itaberaba-A408,Itaberaba,A408,-12.524062,-40.299714,250 ,103,ESTAÇÃO METEOROLÓGICA AUTOMATICA DE ITABERABA/BA,249.89,12°31'S,40°17'W,IGUAL,1
60,itamaraju,Itamaraju-A455,Itamaraju,A455,-17.436667,-39.550861,110 ,143,ESTAÇÃO METEOROLÓGICA AUTOMATICA DE ITAMARAJU/BA,110.00,17°43'S,39°55'W,IGUAL,1
61,itapetinga,Itapetinga-A446,Itapetinga,A446,-15.24462,-40.22955,271 ,136,ESTAÇÃO METEOROLÓGICA AUTOMATICA DE ITAPETINGA/BA,269.00,15°14'S,40°13'W,IGUAL,1
62,itirucu,Itiruçu-A407,Itiruçu,A407,-13.527828,-40.119752,757 ,102,ESTAÇÃO METEOROLÓGICA AUTOMATICA DE ITIRUÇÚ/BA,755.61,13°31'S,40°07'W,IGUAL,1
63,jacobina,Jacobina-A440,Jacobina,A440,-11.205136,-40.464979,441 ,130,ESTAÇÃO METEOROLÓGICA AUTOMATICA DE JACOBINA/BA,453.00,11°12'S,40°27'W,IGUAL,1
64,jeremoabo,Jeremoabo-A450,Jeremoabo,A450,-10.0807,-38.3459,261 ,140,ESTAÇÃO METEOROLÓGICA AUTOMATICA DE JEREMOABO/BA,261.00,10°08'S,38°34'W,IGUAL,1
65,lencois,Lençóis-A425,Lençóis,A425,-12.557854,-41.388808,438 ,115,ESTAÇÃO METEOROLÓGICA AUTOMATICA DE LENÇOIS/BA,439.00,12°33'S,41°23'W,IGUAL,1
67,macajuba,Macajuba-A412,Macajuba,A412,-12.131694,-40.354222,339 ,106,ESTAÇÃO METEOROLÓGICA AUTOMATICA DE MACAJUBA/BA,380.00,12°07'S,40°21'W,IGUAL,1
68,macaubas,Macaúbas-A454,Macaúbas,A454,-13.0389,-42.6172,574 ,142,ESTAÇÃO METEOROLÓGICA AUTOMATICA DE MACAUBAS/BA,574.00,13°03'S,42°61'W,IGUAL,1
69,marau,Maraú-A438,Maraú,A438,-13.90694,-38.97222,6 ,128,ESTAÇÃO METEOROLÓGICA AUTOMATICA DE MARAU/BA,10.00,13°54'S,38°58'W,IGUAL,1
70,paulo-afonso,Paulo Afonso-A411,Paulo Afonso,A411,-9.378106,-38.226771,255 ,105,ESTAÇÃO METEOROLÓGICA AUTOMATICA DE PAULO AFONSO/BA,252.69,09°22'S,38°13'W,IGUAL,1
71,piata,Piatã-A430,Piatã,A430,-13.155681,-41.774125,1.284 ,120,ESTAÇÃO METEOROLÓGICA AUTOMATICA DE PIATÃ/BA,1290.00,13°09'S,41°46'W,IGUAL,1
72,pilao-arcado,Pilão Arcado-A449,Pilão Arcado,A449,-10.002261,-42.473641,400 ,139,ESTAÇÃO METEOROLÓGICA AUTOMATICA DE PILÃO ARCADO/BA,400.00,10°00'S,42°47'W,IGUAL,1
73,porto-seguro,Porto Seguro-A427,Porto Seguro,A427,-16.388977,-39.182389,86 ,117,ESTAÇÃO METEOROLÓGICA AUTOMATICA DE PORTO SEGURO/BA,85.00,16°23'S,39°10'W,IGUAL,1
74,queimadas,Queimadas-A436,Queimadas,A436,-10.984645,-39.617009,310 ,126,ESTAÇÃO METEOROLÓGICA AUTOMATICA DE QUEIMADAS/BA,315.00,10°59'S,39°37'W,IGUAL,1
75,remanso,Remanso-A423,Remanso,A423,-9.625693,-42.077214,397 ,113,ESTAÇÃO METEOROLÓGICA AUTOMATICA DE REMANSO/BA,401.00,09°36'S,42°06'W,IGUAL,1
76,salvador,Salvador-A401,Salvador,A401,-13.005515,-38.505760,48 ,96,ESTAÇÃO METEOROLÓGICA AUTOMATICA DE SALVADOR/BA,51.41,13°01'S,38°31'W,IGUAL,1
78,senhor-do-bonfim,Senhor do Bonfim-A428,Senhor do Bonfim,A428,-10.443072,-40.148244,532 ,118,ESTAÇÃO METEOROLÓGICA AUTOMATICA DE SENHOR DO BONFIM/BA,548.00,10°26'S,40°08'W,IGUAL,1
79,serrinha,Serrinha-A441,Serrinha,A441,-11.664586,-39.022946,338 ,131,ESTAÇÃO METEOROLÓGICA AUTOMATICA DE SERRINHA/BA,339.00,11°39'S,39°01'W,IGUAL,1
80,uaua,Uauá-A435,Uauá,A435,-9.833617,-39.495631,451 ,125,ESTAÇÃO METEOROLÓGICA AUTOMATICA DE UAUÁ/BA,453.00,09°50'S,39°29'W,IGUAL,1
81,una,Una-A437,Una,A437,-15.280215,-39.091270,74 ,127,ESTAÇÃO METEOROLÓGICA AUTOMATICA DE UNA/BA,82.00,15°16'S,39°05'W,IGUAL,1
404,valenca,Valença-A611,Valença,A611,-22.358094,-43.695656,367 ,134,ESTAÇÃO METEOROLÓGICA AUTOMATICA DE VALENÇA/BA,105.00,13°20'S,39°07'W,IGUAL,1
404,valenca,Valença-A611,Valença,A611,-22.358094,-43.695656,367 ,380,ESTAÇÃO METEOROLÓGICA AUTOMATICA DE VALENÇA/RJ,367.00,22°21'S,43°42'W,IGUAL,1
83,vitoria-da-conquista,Vitória da Conquista-A414,Vitória da Conquista,A414,-14.886428,-40.801330,879 ,108,ESTAÇÃO METEOROLÓGICA AUTOMATICA DE VITORIA DA CONQUISTA/BA,870.00,14°53'S,40°28'W,IGUAL,1
84,acarau,Acaraú-A360,Acaraú,A360,-3.121067,-40.087288,67 ,157,ESTAÇÃO METEOROLÓGICA AUTOMATICA DE ACARAÚ/CE,76.00,03°07'S,40°05'W,IGUAL,1
85,barbalha,Barbalha-A315,Barbalha,A315,-7.300925,-39.271107,409 ,147,ESTAÇÃO METEOROLÓGICA AUTOMATICA DE BARBALHA/CE,409.00,07°18'S,39°16'W,IGUAL,1
86,campos-sales,Campos Sales-A347,Campos Sales,A347,-7.077730,-40.362678,578 ,154,ESTAÇÃO METEOROLÓGICA AUTOMATICA DE CAMPOS SALES/CE,572.00,07°04'S,40°21'W,IGUAL,1
87,crateus,Crateús-A342,Crateús,A342,-5.186636,-40.672128,298 ,153,ESTAÇÃO METEOROLÓGICA AUTOMATICA DE CRATEUS/CE,291.00,05°11'S,40°40'W,IGUAL,1
88,fortaleza,Fortaleza-A305,Fortaleza,A305,-3.815701,-38.537792,30 ,144,ESTAÇÃO METEOROLÓGICA AUTOMATICA DE FORTALEZA/CE,41.00,03°46'S,38°33'W,IGUAL,1
89,guaramiranga,Guaramiranga-A314,Guaramiranga,A314,-4.261351,-38.931068,866 ,146,ESTAÇÃO METEOROLÓGICA AUTOMATICA DE GUARAMIRANGA/CE,38.20,04°15'S,38°11'W,IGUAL,1
90,iguatu,Iguatu-A319,Iguatu,A319,-6.396375,-39.268954,222 ,148,ESTAÇÃO METEOROLÓGICA AUTOMATICA DE IGUATÚ/CE,233.00,06°23'S,39°16'W,IGUAL,1
91,itapipoca,Itapipoca-A359,Itapipoca,A359,-3.484298,-39.588715,104 ,156,ESTAÇÃO METEOROLÓGICA AUTOMATICA DE ITAPIPOCA/CE,102.00,03°29'S,39°35'W,IGUAL,1
92,jaguaribe,Jaguaribe-A358,Jaguaribe,A358,-5.905589,-38.627792,149 ,155,ESTAÇÃO METEOROLÓGICA AUTOMATICA DE JAGUARIBE/CE,184.00,05°54'S,38°37'W,IGUAL,1
93,jaguaruana,Jaguaruana-A339,Jaguaruana,A339,-4.853511,-37.777189,17 ,152,ESTAÇÃO METEOROLÓGICA AUTOMATICA DE JAGUARUANA/CE,12.00,04°47'S,37°46'W,IGUAL,1
94,morada-nova,Morada Nova-A332,Morada Nova,A332,-5.136689,-38.356590,45 ,151,ESTAÇÃO METEOROLÓGICA AUTOMATICA DE MORADA NOVA/CE,43.60,05°08'S,38°21'W,IGUAL,1
95,quixeramobim,Quixeramobim-A325,Quixeramobim,A325,-5.174568,-39.289393,221 ,150,ESTAÇÃO METEOROLÓGICA AUTOMATICA DE QUIXERAMOBIM/CE,79.50,05°10'S,39°17'W,IGUAL,1
96,sobral,Sobral-A306,Sobral,A306,-3.748177,-40.345720,92 ,145,ESTAÇÃO METEOROLÓGICA AUTOMATICA DE SOBRAL/CE,109.62,03°43'S,40°20'W,IGUAL,1
97,taua,Tauá-A324,Tauá,A324,-6.017474,-40.281321,411 ,149,ESTAÇÃO METEOROLÓGICA AUTOMATICA DE TAUÁ/CE,415.00,06°01'S,40°16'W,IGUAL,1
98,aguas-emendadas,Águas Emendadas-A045,Águas Emendadas,A045,-15.596491,-47.625801,1.030 ,2,ESTAÇÃO METEOROLÓGICA AUTOMATICA DE AGUAS EMENDADAS/GO,1200.00,15°35'S,47°37'W,IGUAL,1
99,brasilia,Brasília-A001,Brasília,A001,-15.789343,-47.925756,1.161 ,1,ESTAÇÃO METEOROLÓGICA AUTOMATICA DE BRASILIA/DF,1159.54,15°47'S,47°55'W,IGUAL,1
102,afonso-claudio,Afonso Cláudio-A657,Afonso Cláudio,A657,-20.104194,-41.106861,507 ,311,ESTAÇÃO METEOROLÓGICA AUTOMATICA DE AFONSO CLAUDIO/ES,520.00,20°06'S,41°06'W,IGUAL,1
103,alegre,Alegre-A617,Alegre,A617,-20.750412,-41.488852,129 ,308,ESTAÇÃO METEOROLÓGICA AUTOMATICA DE ALEGRE/ES,138.00,20°45'S,41°29'W,IGUAL,1
104,alfredo-chaves,Alfredo Chaves-A615,Alfredo Chaves,A615,-20.636526,-40.741818,14 ,306,ESTAÇÃO METEOROLÓGICA AUTOMATICA DE ALFREDO CHAVES/ES,35.00,20°38'S,40°44'W,IGUAL,1
106,linhares,Linhares-A614,Linhares,A614,-19.356923,-40.068680,38 ,305,ESTAÇÃO METEOROLÓGICA AUTOMATICA DE LINHARES/ES,40.00,19°21'S,40°04'W,IGUAL,1
108,nova-venecia,Nova Venécia-A623,Nova Venécia,A623,-18.695265,-40.390572,156 ,310,ESTAÇÃO METEOROLÓGICA AUTOMATICA DE NOVA VENECIA/ES,154.00,18°41'S,40°23'W,IGUAL,1
110,santa-teresa,Santa Teresa-A613,Santa Teresa,A613,-19.988388,-40.579572,976 ,304,ESTAÇÃO METEOROLÓGICA AUTOMATICA DE SANTA TERESA/ES,988.00,19°59'S,40°34'W,IGUAL,1
111,sao-mateus,São Mateus-A616,São Mateus,A616,-18.676198,-39.864051,29 ,307,ESTAÇÃO METEOROLÓGICA AUTOMATICA DE SÃO MATEUS/ES,39.00,18°42'S,39°50'W,IGUAL,1
114,vitoria,Vitória-A612,Vitória,A612,-20.271094,-40.306069,9 ,303,ESTAÇÃO METEOROLÓGICA AUTOMATICA DE VITÓRIA/ES,9.00,20°16'S,40°18'W,IGUAL,1
116,aragarcas,Aragarças-A013,Aragarças,A013,-15.902658,-52.245172,327 ,9,ESTAÇÃO METEOROLÓGICA AUTOMATICA DE ARAGARÇAS/GO,347.00,15°54'S,52°14'W,IGUAL,1
117,caiaponia,Caiapônia-A023,Caiapônia,A023,-16.966841,-51.817567,740 ,15,ESTAÇÃO METEOROLÓGICA AUTOMATICA DE CAIAPÔNIA/GO,737.00,16°58'S,51°49'W,IGUAL,1
118,catalao,Catalão-A034,Catalão,A034,-18.154779,-47.927614,901 ,23,ESTAÇÃO METEOROLÓGICA AUTOMATICA DE CATALÃO/GO,890.00,18°09'S,47°55'W,IGUAL,1
119,cristalina,Cristalina-A036,Cristalina,A036,-16.784896,-47.612966,1.211 ,25,ESTAÇÃO METEOROLÓGICA AUTOMATICA DE CRISTALINA/GO,1202.00,16°47'S,47°36'W,IGUAL,1
122,goianesia,Goianésia-A022,Goianésia,A022,-15.220199,-48.990107,667 ,14,ESTAÇÃO METEOROLÓGICA AUTOMATICA DE GOIANESIA/GO,667.00,15°13'S,48°59'W,IGUAL,1
123,goiania,Goiânia-A002,Goiânia,A002,-16.642841,-49.220222,727 ,4,ESTAÇÃO METEOROLÓGICA AUTOMATICA DE GOIANIA/GO,770.00,16°38'S,49°13'W,IGUAL,1
124,goias,Goiás-A014,Goiás,A014,-15.939729,-50.141433,513 ,10,ESTAÇÃO METEOROLÓGICA AUTOMATICA DE GOIÁS/GO,512.00,15°56'S,50°08'W,IGUAL,1
125,ipora,Iporá-A028,Iporá,A028,-16.423059,-51.148801,610 ,20,ESTAÇÃO METEOROLÓGICA AUTOMATICA DE IPORA/GO,625.00,16°25'S,51°08'W,IGUAL,1
126,itapaci,Itapaci-A015,Itapaci,A015,-14.979792,-49.539977,551 ,11,ESTAÇÃO METEOROLÓGICA AUTOMATICA DE ITAPACI/GO,522.00,14°58'S,49°32'W,IGUAL,1
127,itumbiara,Itumbiara-A035,Itumbiara,A035,-18.409761,-49.192061,491 ,24,ESTAÇÃO METEOROLÓGICA AUTOMATICA DE ITUMBIARA/GO,488.00,18°24'S,49°11'W,IGUAL,1
128,jatai,Jataí-A016,Jataí,A016,-17.923622,-51.717467,670 ,12,ESTAÇÃO METEOROLÓGICA AUTOMATICA DE JATAÍ/GO,582.00,17°55'S,51°43'W,IGUAL,1
129,luziania,Luziânia-A012,Luziânia,A012,-16.260542,-47.966962,1.001 ,8,ESTAÇÃO METEOROLÓGICA AUTOMATICA DE LUZIANIA/GO,958.00,16°16'S,47°57'W,IGUAL,1
131,morrinhos,Morrinhos-A003,Morrinhos,A003,-17.745066,-49.101698,751 ,5,ESTAÇÃO METEOROLÓGICA AUTOMATICA DE MORRINHOS/GO,771.42,17°43'S,49°06'W,IGUAL,1
132,niquelandia,Niquelândia-A004,Niquelândia,A004,-14.469358,-48.485756,664 ,6,ESTAÇÃO METEOROLÓGICA AUTOMATICA DE NIQUELANDIA/GO,583.00,14°27'S,48°27'W,IGUAL,1
133,parauna,Paraúna-A027,Paraúna,A027,-16.962536,-50.425450,679 ,19,ESTAÇÃO METEOROLÓGICA AUTOMATICA DE PARAUNA/GO,678.00,16°57'S,50°25'W,IGUAL,1
134,pires-do-rio,Pires do Rio-A033,Pires do Rio,A033,-17.304153,-48.284131,757 ,22,ESTAÇÃO METEOROLÓGICA AUTOMATICA DE PIRES DO RIO/GO,752.00,17°18'S,48°16'W,IGUAL,1
135,posse,Posse-A017,Posse,A017,-14.089210,-46.366497,830 ,13,ESTAÇÃO METEOROLÓGICA AUTOMATICA DE POSSE/GO,834.00,14°05'S,46°21'W,IGUAL,1
136,rio-verde,Rio Verde-A025,Rio Verde,A025,-17.785303,-50.964869,780 ,17,ESTAÇÃO METEOROLÓGICA AUTOMATICA DE RIO VERDE/GO,782.00,17°47'S,50°57'W,IGUAL,1
138,sao-simao,São Simão-A011,São Simão,A011,-18.969142,-50.633449,492 ,7,ESTAÇÃO METEOROLÓGICA AUTOMATICA DE SÃO SIMÃO/GO,488.51,18°58'S,50°37'W,IGUAL,1
139,silvania,Silvânia-A037,Silvânia,A037,-16.679786,-48.618171,952 ,26,ESTAÇÃO METEOROLÓGICA AUTOMATICA DE SILVANIA/GO,949.00,16°40'S,48°37'W,IGUAL,1
140,alto-parnaiba,Alto Parnaíba-A223,Alto Parnaíba,A223,-9.108199,-45.932016,284 ,169,ESTAÇÃO METEOROLÓGICA AUTOMATICA DE ALTO PARNAÍBA/MA,281.00,09°06'S,45°55'W,IGUAL,1
141,bacabal,Bacabal-A220,Bacabal,A220,-4.243056,-44.794993,22 ,166,ESTAÇÃO METEOROLÓGICA AUTOMATICA DE BACABAL/MA,28.00,04°14'S,44°47'W,IGUAL,1
142,balsas,Balsas-A204,Balsas,A204,-7.455609,-46.027546,271 ,159,ESTAÇÃO METEOROLÓGICA AUTOMATICA DE BALSAS/MA,254.00,07°27'S,46°01'W,IGUAL,1
143,barra-do-corda,Barra do Corda-A221,Barra do Corda,A221,-5.506782,-45.237053,154 ,167,ESTAÇÃO METEOROLÓGICA AUTOMATICA DE BARRA DO CORDA/MA,153.00,05°30'S,45°14'W,IGUAL,1
144,buriticupu,Buriticupu-A238,Buriticupu,A238,-4.320597,-46.449503,175 ,173,ESTAÇÃO METEOROLÓGICA AUTOMATICA DE BURITICUPÚ/MA,175.00,04°19'S,46°26'W,IGUAL,1
145,carolina,Carolina-A205,Carolina,A205,-7.337269,-47.459839,183 ,160,ESTAÇÃO METEOROLÓGICA AUTOMATICA DE CAROLINA/MA,192.00,07°20'S,47°27'W,IGUAL,1
146,caxias,Caxias-A237,Caxias,A237,-4.821352,-43.343659,85 ,172,ESTAÇÃO METEOROLÓGICA AUTOMATICA DE CAXIAS/MA,76.00,04°49'S,43°20'W,IGUAL,1
147,chapadinha,Chapadinha-A206,Chapadinha,A206,-3.742674,-43.352084,104 ,161,ESTAÇÃO METEOROLÓGICA AUTOMATICA DE CHAPADINHA/MA,91.00,03°44'S,43°21'W,IGUAL,1
148,colinas,Colinas-A222,Colinas,A222,-6.033167,-44.233402,175 ,168,ESTAÇÃO METEOROLÓGICA AUTOMATICA DE COLINAS/MA,179.00,06°02'S,44°14'W,IGUAL,1
149,estreito,Estreito-A224,Estreito,A224,-6.653272,-47.418241,183 ,170,ESTAÇÃO METEOROLÓGICA AUTOMATICA DE ESTREITO/MA,180.00,06°39'S,47°25'W,IGUAL,1
152,grajau,Grajaú-A207,Grajaú,A207,-5.816085,-46.162200,232 ,162,ESTAÇÃO METEOROLÓGICA AUTOMATICA DE GRAJAÚ/MA,230.00,05°48'S,46°09'W,IGUAL,1
153,imperatriz,Imperatriz-A225,Imperatriz,A225,-5.555723,-47.459794,118 ,171,ESTAÇÃO METEOROLÓGICA AUTOMATICA DE IMPERATRIZ/MA,126.00,05°33'S,47°27'W,IGUAL,1
155,turiacu,Turiaçu-A219,Turiaçu,A219,-1.661224,-45.372571,36 ,165,ESTAÇÃO METEOROLÓGICA AUTOMATICA DE TURIAÇU/MA,41.00,01°39'S,45°22'W,IGUAL,1
156,aguas-vermelhas,Águas Vermelhas-A549,Águas Vermelhas,A549,-15.751536,-41.457787,754 ,357,ESTAÇÃO METEOROLÓGICA AUTOMATICA DE ÁGUAS VERMELHAS/MG,740.00,15°41'S,41°26'W,IGUAL,1
157,aimores,Aimorés-A534,Aimorés,A534,-19.532768,-41.090801,288 ,342,ESTAÇÃO METEOROLÓGICA AUTOMATICA DE AIMORES/MG,83.74,19°28'S,41°03'W,IGUAL,1
158,almenara,Almenara-A508,Almenara,A508,-16.166773,-40.687756,189 ,316,ESTAÇÃO METEOROLÓGICA AUTOMATICA DE ALMENARA/MG,208.00,16°16'S,40°40'W,IGUAL,1
160,araxa,Araxá-A505,Araxá,A505,-19.605696,-46.949617,1.018 ,313,ESTAÇÃO METEOROLÓGICA AUTOMATICA DE ARAXÁ/MG,1020.00,19°36'S,46°56'W,IGUAL,1
162,barbacena,Barbacena-A502,Barbacena,A502,-21.228373,-43.767703,1.169 ,312,ESTAÇÃO METEOROLÓGICA AUTOMATICA DE BARBACENA/MG,1155.00,21°13'S,43°46'W,IGUAL,1
165,buritis,Buritis-A544,Buritis,A544,-15.524262,-46.435536,894 ,352,ESTAÇÃO METEOROLÓGICA AUTOMATICA DE BURITIS/MG,894.00,15°31'S,46°26'W,IGUAL,1
166,caldas,Caldas-A530,Caldas,A530,-21.918066,-46.382996,1.077 ,338,ESTAÇÃO METEOROLÓGICA AUTOMATICA DE CALDAS/MG,1150.00,21°55'S,46°22'W,IGUAL,1
167,campina-verde,Campina Verde-A519,Campina Verde,A519,-19.539210,-49.518133,559 ,327,ESTAÇÃO METEOROLÓGICA AUTOMATICA DE CAMPINA VERDE/MG,555.20,19°32'S,49°32'W,IGUAL,1
168,capelinha,Capelinha-A541,Capelinha,A541,-17.705504,-42.389256,932 ,349,ESTAÇÃO METEOROLÓGICA AUTOMATICA DE CAPELINHA/MG,932.00,17°42'S,42°23'W,IGUAL,1
169,caratinga,Caratinga-A554,Caratinga,A554,-19.735757,-42.137146,609 ,362,ESTAÇÃO METEOROLÓGICA AUTOMATICA DE CARATINGA/MG,615.00,19°44'S,42°08'W,IGUAL,1
170,chapada-gaucha,Chapada Gaúcha-A548,Chapada Gaúcha,A548,-15.300159,-45.617431,873 ,356,ESTAÇÃO METEOROLÓGICA AUTOMATICA DE CHAPADA GAÚCHA/MG,880.00,15°18'S,45°37'W,IGUAL,1
172,coronel-pacheco,Coronel Pacheco-A557,Coronel Pacheco,A557,-21.546728,-43.261029,411 ,365,ESTAÇÃO METEOROLÓGICA AUTOMATICA DE CORONEL PACHECO/MG,431.00,21°54'S,43°26'W,IGUAL,1
173,curvelo,Curvelo-A538,Curvelo,A538,-18.747711,-44.453785,669 ,346,ESTAÇÃO METEOROLÓGICA AUTOMATICA DE CURVELO/MG,670.00,18°44'S,44°27'W,IGUAL,1
174,diamantina,Diamantina-A537,Diamantina,A537,-18.231052,-43.648269,1.359 ,345,ESTAÇÃO METEOROLÓGICA AUTOMATICA DE DIAMANTINA/MG,1356.00,18°13'S,43°38'W,IGUAL,1
176,dores-do-indaia,Dores do Indaiá-A536,Dores do Indaiá,A536,-19.481935,-45.593932,721 ,344,ESTAÇÃO METEOROLÓGICA AUTOMATICA DE DORES DO INDAIÁ/MG,722.00,19°28'S,45°35'W,IGUAL,1
177,espinosa,Espinosa-A543,Espinosa,A543,-14.912284,-42.808473,565 ,351,ESTAÇÃO METEOROLÓGICA AUTOMATICA DE ESPINOSA/MG,570.00,14°54'S,42°50'W,IGUAL,1
178,florestal,Florestal-A535,Florestal,A535,-19.885398,-44.416883,754 ,343,ESTAÇÃO METEOROLÓGICA AUTOMATICA DE FLORESTAL/MG,742.00,19°53'S,44°25'W,IGUAL,1
179,formiga,Formiga-A524,Formiga,A524,-20.454930,-45.453825,878 ,332,ESTAÇÃO METEOROLÓGICA AUTOMATICA DE FORMIGA/MG,873.00,20°27'S,45°27'W,IGUAL,1
180,governador-valadares,Governador Valadares-A532,Governador Valadares,A532,-18.830354,-41.977007,198 ,340,ESTAÇÃO METEOROLÓGICA AUTOMATICA DE GOVERNADOR VALADARES/MG,263.00,18°47'S,41°59'W,IGUAL,1
181,guanhaes,Guanhães-A533,Guanhães,A533,-18.786842,-42.942921,853 ,341,ESTAÇÃO METEOROLÓGICA AUTOMATICA DE GUANHÃES/MG,860.00,18°47'S,42°56'W,IGUAL,1
183,ibirite-rola-moca,Ibirité (Rola Moça)-A555,Ibirité (Rola Moça),A555,-20.031457,-44.011249,1.199 ,363,ESTAÇÃO METEOROLÓGICA AUTOMATICA DE IBIRITÈ (ROLA MOÇA)/MG,1208.00,20°01'S,44°04'W,IGUAL,1
184,itaobim,Itaobim-A550,Itaobim,A550,-16.575667,-41.485588,272 ,358,ESTAÇÃO METEOROLÓGICA AUTOMATICA DE ITAOBIM/MG,266.00,16°33'S,41°30'W,IGUAL,1
185,ituiutaba,Ituiutaba-A512,Ituiutaba,A512,-18.952907,-49.525072,540 ,320,ESTAÇÃO METEOROLÓGICA AUTOMATICA DE ITUIUTABA/MG,560.00,18°57'S,49°30'W,IGUAL,1
187,januaria,Januária-A559,Januária,A559,-15.44808917,-44.36631333,468 ,366,ESTAÇÃO METEOROLÓGICA AUTOMATICA DE JANUARIA/MG,480.00,15°44'S,44°36'W,IGUAL,1
188,joao-pinheiro,João Pinheiro-A553,João Pinheiro,A553,-17.784770,-46.119394,877 ,361,ESTAÇÃO METEOROLÓGICA AUTOMATICA DE JOÃO PINHEIRO/MG,870.00,17°19'S,45°49'W,IGUAL,1
189,juiz-de-fora,Juiz de Fora-A518,Juiz de Fora,A518,-21.769965,-43.364329,937 ,326,ESTAÇÃO METEOROLÓGICA AUTOMATICA DE JUÍZ DE FORA/MG,950.00,21°46'S,43°21'W,IGUAL,1
191,manhuacu,Manhuaçu-A556,Manhuaçu,A556,-20.263378,-42.182817,819 ,364,ESTAÇÃO METEOROLÓGICA AUTOMATICA DE MANHUAÇU/MG,836.00,20°15'S,40°10'W,IGUAL,1
192,mantena,Mantena-A540,Mantena,A540,-18.780620,-40.986505,255 ,348,ESTAÇÃO METEOROLÓGICA AUTOMATICA DE MANTENA/MG,213.50,18°48'S,40°56'W,IGUAL,1
193,maria-da-fe,Maria da Fé-A531,Maria da Fé,A531,-22.314567,-45.373049,1.281 ,339,ESTAÇÃO METEOROLÓGICA AUTOMATICA DE MARIA DA FÉ/MG,1276.00,22°18'S,45°22'W,IGUAL,1
194,mocambinho,Mocambinho-A539,Mocambinho,A539,-15.085958,-44.016036,454 ,347,ESTAÇÃO METEOROLÓGICA AUTOMATICA DE MOCAMBINHO/MG,460.00,15°05'S,44°00'W,IGUAL,1
195,montalvania,Montalvânia-A526,Montalvânia,A526,-14.408228,-44.404123,520 ,334,ESTAÇÃO METEOROLÓGICA AUTOMATICA DE MONTALVANIA/MG,512.00,14°24'S,44°21'W,IGUAL,1
196,montes-claros,Montes Claros-A506,Montes Claros,A506,-16.686316,-43.843763,646 ,314,ESTAÇÃO METEOROLÓGICA AUTOMATICA DE MONTES CLAROS/MG,646.29,16°43'S,43°52'W,IGUAL,1
197,monte-verde,Monte Verde-A509,Monte Verde,A509,-22.861604,-46.043365,1.545 ,317,ESTAÇÃO METEOROLÓGICA AUTOMATICA DE MONTE VERDE/MG,1500.00,22°51'S,46°02'W,IGUAL,1
198,muriae,Muriaé-A517,Muriaé,A517,-21.104867,-42.375904,283 ,325,ESTAÇÃO METEOROLÓGICA AUTOMATICA DE MURIAÉ/MG,297.00,21°06'S,42°23'W,IGUAL,1
199,ouro-branco,Ouro Branco-A513,Ouro Branco,A513,-20.556592,-43.756220,1.048 ,321,ESTAÇÃO METEOROLÓGICA AUTOMATICA DE OURO BRANCO/MG,1061.00,20°31'S,43°41'W,IGUAL,1
200,passa-quatro,Passa Quatro-A529,Passa Quatro,A529,-22.395799,-44.961909,1.017 ,337,ESTAÇÃO METEOROLÓGICA AUTOMATICA DE PASSA QUATRO/MG,1040.00,22°23'S,44°57'W,IGUAL,1
201,passos,Passos-A516,Passos,A516,-20.745237,-46.633916,782 ,324,ESTAÇÃO METEOROLÓGICA AUTOMATICA DE PASSOS/MG,784.00,20°44'S,46°38'W,IGUAL,1
204,pirapora,Pirapora-A545,Pirapora,A545,-17.258064,-44.835600,505 ,353,ESTAÇÃO METEOROLÓGICA AUTOMATICA DE PIRAPORA/MG,503.00,17°20'S,44°56'W,IGUAL,1
205,pompeu,Pompéu-A560,Pompéu,A560,-19.239555,-45.008187,705 ,367,ESTAÇÃO METEOROLÓGICA AUTOMATICA DE POMPEU/MG,705.00,19°24'S,45°00'W,IGUAL,1
206,rio-pardo-de-minas,Rio Pardo de Minas-A551,Rio Pardo de Minas,A551,-15.723139,-42.43575,850 ,359,ESTAÇÃO METEOROLÓGICA AUTOMATICA DE RIO PARDO DE MINAS/MG,950.00,15°36'S,43°36'W,IGUAL,1
207,sacramento,Sacramento-A525,Sacramento,A525,-19.875271,-47.434102,913 ,333,ESTAÇÃO METEOROLÓGICA AUTOMATICA DE SACRAMENTO/MG,912.00,19°53'S,47°26'W,IGUAL,1
208,salinas,Salinas-A552,Salinas,A552,-16.160327,-42.310266,487 ,360,ESTAÇÃO METEOROLÓGICA AUTOMATICA DE SALINAS/MG,495.00,16°10'S,42°17'W,IGUAL,1
210,sao-romao,São Romão-A547,São Romão,A547,-16.362747,-45.123801,490 ,355,ESTAÇÃO METEOROLÓGICA AUTOMATICA DE SÃO ROMÃO/MG,460.00,16°22'S,45°04'W,IGUAL,1
211,sao-sebastiao-do-paraiso,São Sebastião do Paraíso-A561,São Sebastião do Paraíso,A561,-20.909892,-47.114259,845 ,368,ESTAÇÃO METEOROLÓGICA AUTOMATICA DE SÃO SEBASTIAO DO PARAÍSO/MG,845.00,20°91'S,47°11'W,IGUAL,1
212,serra-dos-aimores,Serra dos Aimorés-A522,Serra dos Aimorés,A522,-17.798799,-40.249933,212 ,330,ESTAÇÃO METEOROLÓGICA AUTOMATICA DE SERRA DOS AIMORES/MG,208.00,17°48'S,40°15'W,IGUAL,1
213,sete-lagoas,Sete Lagoas-A569,Sete Lagoas,A569,-19.455288,-44.173380,719 ,369,ESTAÇÃO METEOROLÓGICA AUTOMATICA DE SETE LAGOAS/MG,719.00,19°45'S,44°17'W,IGUAL,1
214,teofilo-otoni,Teófilo Otoni-A527,Teófilo Otoni,A527,-17.892840,-41.515423,467 ,335,ESTAÇÃO METEOROLÓGICA AUTOMATICA DE TEÓFILO OTONI/MG,475.00,17°54'S,41°31'W,IGUAL,1
215,timoteo,Timóteo-A511,Timóteo,A511,-19.573824,-42.622413,493 ,319,ESTAÇÃO METEOROLÓGICA AUTOMATICA DE TIMÓTEO/MG,333.00,19°34'S,42°38'W,IGUAL,1
216,tres-marias,Três Marias-A528,Três Marias,A528,-18.200855,-45.459836,931 ,336,ESTAÇÃO METEOROLÓGICA AUTOMATICA DE TRÊS MARIAS/MG,921.00,18°12'S,45°28'W,IGUAL,1
218,uberlandia,Uberlândia-A507,Uberlândia,A507,-18.917072,-48.255657,875 ,315,ESTAÇÃO METEOROLÓGICA AUTOMATICA DE UBERLÂNDIA/MG,869.00,18°55'S,48°15'W,IGUAL,1
219,unai,Unaí-A542,Unaí,A542,-16.554101,-46.881935,641 ,350,ESTAÇÃO METEOROLÓGICA AUTOMATICA DE UNAI/MG,631.00,16°33'S,46°52'W,IGUAL,1
220,varginha,Varginha-A515,Varginha,A515,-21.566513,-45.404300,950 ,323,ESTAÇÃO METEOROLÓGICA AUTOMATICA DE VARGINHA/MG,955.00,21°34'S,45°24'W,IGUAL,1
221,vicosa,Viçosa-A510,Viçosa,A510,-20.762607,-42.864013,698 ,318,ESTAÇÃO METEOROLÓGICA AUTOMATICA DE VIÇOSA/MG,712.20,20°46'S,42°52'W,IGUAL,1
222,agua-clara,Água Clara-A756,Água Clara,A756,-20.44444,-52.87583,324 ,49,ESTAÇÃO METEOROLÓGICA AUTOMATICA DE ÁGUA CLARA/MS,338.00,20°26'S,52°52'W,IGUAL,1
223,amambai,Amambaí-A750,Amambaí,A750,-23.002530,-55.329357,434 ,45,ESTAÇÃO METEOROLÓGICA AUTOMATICA DE AMAMBAI/MS,431.00,23°00'S,55°19'W,IGUAL,1
224,aquidauana,Aquidauana-A719,Aquidauana,A719,-20.475420,-55.784006,151 ,33,ESTAÇÃO METEOROLÓGICA AUTOMATICA DE AQUIDAUANA/MS,155.00,20°28'S,55°47'W,IGUAL,1
225,bataguassu,Bataguassu-A759,Bataguassu,A759,-21.750123,-52.471294,392 ,52,ESTAÇÃO METEOROLÓGICA AUTOMATICA DE BATAGUASSU/MS,387.00,21°45'S,52°28'W,IGUAL,1
226,bela-vista,Bela Vista-A757,Bela Vista,A757,-22.101536,-56.540763,206 ,50,ESTAÇÃO METEOROLÓGICA AUTOMATICA DE BELA VISTA/MS,208.00,22°06'S,56°32'W,IGUAL,1
228,cassilandia,Cassilândia-A742,Cassilândia,A742,-19.122471,-51.720732,495 ,42,ESTAÇÃO METEOROLÓGICA AUTOMATICA DE CASSILANDIA/MS,516.00,19°07'S,51°43'W,IGUAL,1
229,chapadao-do-sul,Chapadão do Sul-A730,Chapadão do Sul,A730,-18.802187,-52.602620,821 ,39,ESTAÇÃO METEOROLÓGICA AUTOMATICA DE CHAPADÃO DO SUL/MS,818.00,18°48'S,52°36'W,IGUAL,1
230,corumba,Corumbá-A724,Corumbá,A724,-18.99667,-57.6375,112 ,38,ESTAÇÃO METEOROLÓGICA AUTOMATICA DE CORUMBÁ/MS,126.00,18°59'S,57°38'W,IGUAL,1
231,costa-rica,Costa Rica-A760,Costa Rica,A760,-18.492665,-53.171261,727 ,53,ESTAÇÃO METEOROLÓGICA AUTOMATICA DE COSTA RICA/MS,730.00,18°29'S,53°10'W,IGUAL,1
232,coxim,Coxim-A720,Coxim,A720,-18.512146,-54.736116,251 ,34,ESTAÇÃO METEOROLÓGICA AUTOMATICA DE COXIM/MS,252.00,18°30'S,54°44'W,IGUAL,1
233,dourados,Dourados-A721,Dourados,A721,-22.193920,-54.911355,463 ,35,ESTAÇÃO METEOROLÓGICA AUTOMATICA DE DOURADOS/MS,469.00,22°11'S,54°54'W,IGUAL,1
234,itaquirai,Itaquiraí-A752,Itaquiraí,A752,-23.449501,-54.181858,338 ,47,ESTAÇÃO METEOROLÓGICA AUTOMATICA DE ITAQUIRAI/MS,336.00,23°26'S,54°10'W,IGUAL,1
235,ivinhema,Ivinhema-A709,Ivinhema,A709,-22.300421,-53.822895,377 ,30,ESTAÇÃO METEOROLÓGICA AUTOMATICA DE IVINHEMA/MS,373.29,22°18'S,53°49'W,IGUAL,1
236,jardim,Jardim-A758,Jardim,A758,-21.478529,-56.137717,252 ,51,ESTAÇÃO METEOROLÓGICA AUTOMATICA DE JARDIM/MS,249.00,21°28'S,56°08'W,IGUAL,1
237,juti,Juti-A749,Juti,A749,-22.857210,-54.605634,375 ,44,ESTAÇÃO METEOROLÓGICA AUTOMATICA DE JUTI/MS,379.00,22°51'S,54°36'W,IGUAL,1
238,maracaju,Maracaju-A731,Maracaju,A731,-21.609036,-55.177531,389 ,40,ESTAÇÃO METEOROLÓGICA AUTOMATICA DE MARACAJU/MS,401.00,21°36'S,55°10'W,IGUAL,1
239,miranda,Miranda-A722,Miranda,A722,-20.395530,-56.431736,132 ,36,ESTAÇÃO METEOROLÓGICA AUTOMATICA DE MIRANDA/MS,140.00,20°23'S,56°25'W,IGUAL,1
240,nhumirim,Nhumirim-A717,Nhumirim,A717,-18.988681,-56.622868,102 ,32,ESTAÇÃO METEOROLÓGICA AUTOMATICA DE NHUMIRIM/MS,104.00,18°58'S,56°39'W,IGUAL,1
241,paranaiba,Paranaíba-A710,Paranaíba,A710,-19.695517,-51.181769,408 ,31,ESTAÇÃO METEOROLÓGICA AUTOMATICA DE PARANAIBA/MS,424.00,19°41'S,51°10'W,IGUAL,1
242,ponta-pora,Ponta Porã-A703,Ponta Porã,A703,-22.552448,-55.716317,668 ,28,ESTAÇÃO METEOROLÓGICA AUTOMATICA DE PONTA PORÃ/MS,650.00,22°32'S,55°32'W,IGUAL,1
243,porto-murtinho,Porto Murtinho-A723,Porto Murtinho,A723,-21.705850,-57.886546,79 ,37,ESTAÇÃO METEOROLÓGICA AUTOMATICA DE PORTO MURTINHO/MS,85.00,21°42'S,57°33'W,IGUAL,1
244,rio-brilhante,Rio Brilhante-A743,Rio Brilhante,A743,-21.774940,-54.528108,324 ,43,ESTAÇÃO METEOROLÓGICA AUTOMATICA DE RIO BRILHANTE/MS,329.00,21°46'S,54°31'W,IGUAL,1
246,sete-quedas,Sete Quedas-A751,Sete Quedas,A751,-23.966893,-55.024227,398 ,46,ESTAÇÃO METEOROLÓGICA AUTOMATICA DE SETE QUEDAS/MS,402.00,23°58'S,55°01'W,IGUAL,1
247,sidrolandia,Sidrolândia-A754,Sidrolândia,A754,-20.981637,-54.971870,471 ,48,ESTAÇÃO METEOROLÓGICA AUTOMATICA DE SIDROLANDIA/MS,464.00,20°58'S,54°58'W,IGUAL,1
248,sonora,Sonora-A761,Sonora,A761,-17.635277,-54.760470,495 ,54,ESTAÇÃO METEOROLÓGICA AUTOMATICA DE SONORA/MS,495.00,17°38'S,54°45'W,IGUAL,1
249,tres-lagoas,Três Lagoas-A704,Três Lagoas,A704,-20.7900,-51.7122,329 ,29,ESTAÇÃO METEOROLÓGICA AUTOMATICA DE TRES LAGOAS/MS,313.00,20°46'S,51°42'W,IGUAL,1
250,agua-boa,Água Boa-A908,Água Boa,A908,-14.016496,-52.211690,440 ,62,ESTAÇÃO METEOROLÓGICA AUTOMATICA DE ÁGUA BOA/MT,432.00,14°00'S,52°12'W,IGUAL,1
251,alta-floresta,Alta Floresta-A924,Alta Floresta,A924,-10.077262,-56.179221,292 ,76,ESTAÇÃO METEOROLÓGICA AUTOMATICA DE ALTA FLORESTA/MT,289.00,09°50'S,56°06'W,IGUAL,1
252,alto-araguaia,Alto Araguaia-A909,Alto Araguaia,A909,-17.339359,-53.224449,753 ,63,ESTAÇÃO METEOROLÓGICA AUTOMATICA DE ALTO ARAGUAIA/MT,753.00,17°33'S,53°22'W,IGUAL,1
253,alto-taquari,Alto Taquari-A934,Alto Taquari,A934,-17.841011,-53.289474,862 ,85,ESTAÇÃO METEOROLÓGICA AUTOMATICA DE ALTO TAQUARI/MT,875.00,17°48'S,53°17'W,IGUAL,1
254,apiacas,Apiacás-A910,Apiacás,A910,-9.563392,-57.393578,218 ,64,ESTAÇÃO METEOROLÓGICA AUTOMATICA DE APIACAS/MT,220.00,09°33'S,57°23'W,IGUAL,1
255,caceres,Cáceres-A941,Cáceres,A941,-16.074740,-57.693047,124 ,89,ESTAÇÃO METEOROLÓGICA AUTOMATICA DE CACERES/MT,116.00,16°02'S,57°41'W,IGUAL,1
257,campo-verde,Campo Verde-A912,Campo Verde,A912,-15.531431,-55.135649,748 ,65,ESTAÇÃO METEOROLÓGICA AUTOMATICA DE CAMPO VERDE/MT,749.00,15°31'S,55°08'W,IGUAL,1
258,carlinda,Carlinda-A926,Carlinda,A926,-9.970586,-55.827543,294 ,77,ESTAÇÃO METEOROLÓGICA AUTOMATICA DE CARLINDA/MT,2900.00,10°00'S,55°47'W,IGUAL,1
259,comodoro,Comodoro-A913,Comodoro,A913,-13.708046,-59.762385,577 ,66,ESTAÇÃO METEOROLÓGICA AUTOMATICA DE COMODORO/MT,591.00,13°42'S,59°45'W,IGUAL,1
260,confresa,Confresa-A918,Confresa,A918,-10.639518,-51.571456,233 ,71,ESTAÇÃO METEOROLÓGICA AUTOMATICA DE CONFRESA/MT,237.00,10°39'S,51°34'W,IGUAL,1
261,cotriguacu,Cotriguaçu-A919,Cotriguaçu,A919,-9.906296,-58.572235,265 ,72,ESTAÇÃO METEOROLÓGICA AUTOMATICA DE COTRIGUAÇÚ/MT,261.00,09°54'S,58°34'W,IGUAL,1
262,cuiaba,Cuiabá-A901,Cuiabá,A901,-15.559295,-56.062951,242 ,55,ESTAÇÃO METEOROLÓGICA AUTOMATICA DE CUIABÁ/MT,151.34,15°37'S,56°06'W,IGUAL,1
263,gaucha-do-norte,Gaucha do Norte-A930,Gaucha do Norte,A930,-13.184857,-53.257366,376 ,81,ESTAÇÃO METEOROLÓGICA AUTOMATICA DE GAUCHA DO NORTE/MT,379.00,13°11'S,53°15'W,IGUAL,1
264,guaranta-do-norte,Guarantã do Norte-A906,Guarantã do Norte,A906,-9.952594,-54.897834,284 ,60,ESTAÇÃO METEOROLÓGICA AUTOMATICA DE GUARANTÃ DO NORTE/MT,320.00,09°57'S,54°53'W,IGUAL,1
265,guiratinga,Guiratinga-A932,Guiratinga,A932,-16.341587,-53.766089,525 ,83,ESTAÇÃO METEOROLÓGICA AUTOMATICA DE GUIRATINGA/MT,526.00,16°20'S,53°45'W,IGUAL,1
266,itiquira,Itiquira-A933,Itiquira,A933,-17.175051,-54.501690,593 ,84,ESTAÇÃO METEOROLÓGICA AUTOMATICA DE ITIQUIRA/MT,585.00,17°10'S,54°30'W,IGUAL,1
267,juara,Juara-A914,Juara,A914,-11.280158,-57.526641,263 ,67,ESTAÇÃO METEOROLÓGICA AUTOMATICA DE JUARA/MT,260.00,11°16'S,57°31'W,IGUAL,1
268,juina,Juína-A920,Juína,A920,-11.375126,-58.774785,365 ,73,ESTAÇÃO METEOROLÓGICA AUTOMATICA DE JUÍNA/MT,200.00,11°22'S,58°43'W,IGUAL,1
269,nova-maringa,Nova Maringá-A928,Nova Maringá,A928,-13.038642,-57.092201,334 ,79,ESTAÇÃO METEOROLÓGICA AUTOMATICA DE NOVA MARINGA/MT,353.00,13°02'S,57°05'W,IGUAL,1
270,nova-ubirata,Nova Ubiratã-A929,Nova Ubiratã,A929,-13.411105,-54.752144,466 ,80,ESTAÇÃO METEOROLÓGICA AUTOMATICA DE NOVA UBIRATÃ/MT,518.00,13°24'S,54°45'W,IGUAL,1
271,novo-mundo,Novo Mundo-A927,Novo Mundo,A927,-12.521901,-58.231401,426 ,78,ESTAÇÃO METEOROLÓGICA AUTOMATICA DE NOVO MUNDO/MT,431.00,12°31'S,58°13'W,IGUAL,1
272,paranatinga,Paranatinga-A915,Paranatinga,A915,-14.421492,-54.036055,477 ,68,ESTAÇÃO METEOROLÓGICA AUTOMATICA DE PARANATINGA/MT,474.00,14°25'S,54°02'W,IGUAL,1
273,pontes-e-lacerda,Pontes e Lacerda-A937,Pontes e Lacerda,A937,-15.234582,-59.346215,273 ,88,ESTAÇÃO METEOROLÓGICA AUTOMATICA DE PONTES E LACERDA/MT,256.00,15°15'S,59°20'W,IGUAL,1
274,porto-estrela,Porto Estrela-A935,Porto Estrela,A935,-15.324728,-57.225845,148 ,86,ESTAÇÃO METEOROLÓGICA AUTOMATICA DE PORTO ESTRELA/MT,145.00,15°21'S,57°13'W,IGUAL,1
276,querencia,Querência-A916,Querência,A916,-12.627315,-52.220891,361 ,69,ESTAÇÃO METEOROLÓGICA AUTOMATICA DE QUERÊNCIA/MT,382.00,12°37'S,52°13'W,IGUAL,1
277,rondonopolis,Rondonópolis-A907,Rondonópolis,A907,-16.462419,-54.580151,290 ,61,ESTAÇÃO METEOROLÓGICA AUTOMATICA DE RONDONÓPOLIS/MT,284.00,16°27'S,54°34'W,IGUAL,1
278,salto-do-ceu,Salto do Céu-A936,Salto do Céu,A936,-15.124811,-58.127092,301 ,87,ESTAÇÃO METEOROLÓGICA AUTOMATICA DE SALTO DO CEU/MT,303.00,15°08'S,58°06'W,IGUAL,1
283,sinop,Sinop-A917,Sinop,A917,-11.982245,-55.565993,367 ,70,ESTAÇÃO METEOROLÓGICA AUTOMATICA DE SINOP/MT,371.00,11°58'S,55°33'W,IGUAL,1
284,sorriso,Sorriso-A904,Sorriso,A904,-12.555107,-55.722863,379 ,58,ESTAÇÃO METEOROLÓGICA AUTOMATICA DE SORRISO/MT,380.00,12°33'S,55°43'W,IGUAL,1
285,tangara-da-serra,Tangará da Serra-A902,Tangará da Serra,A902,-14.650117,-57.431556,440 ,56,ESTAÇÃO METEOROLÓGICA AUTOMATICA DE TANGARÁ DA SERRA/MT,321.50,14°39'S,57°25'W,IGUAL,1
287,belem,Belém-A201,Belém,A201,-1.411228,-48.439512,21 ,254,ESTAÇÃO METEOROLÓGICA AUTOMATICA DE BELÉM/PA,24.00,01°24'S,48°26'W,IGUAL,1
288,braganca,Bragança-A226,Bragança,A226,-1.047258,-46.785790,41 ,263,ESTAÇÃO METEOROLÓGICA AUTOMATICA DE BRAGANÇA/PA,33.00,01°04'S,46°46'W,IGUAL,1
290,cameta,Cametá-A236,Cametá,A236,-2.239653,-49.499827,10 ,272,ESTAÇÃO METEOROLÓGICA AUTOMATICA DE CAMETÁ/PA,22.00,02°14'S,49°29'W,IGUAL,1
291,capitao-poco,Capitão Poço-A248,Capitão Poço,A248,-1.734766,-47.057500,79 ,278,ESTAÇÃO METEOROLÓGICA AUTOMATICA DE CAPITAO POÇO/PA,81.00,01°44'S,47°03'W,IGUAL,1
292,castanhal,Castanhal-A202,Castanhal,A202,-1.300875,-47.947967,47 ,255,ESTAÇÃO METEOROLÓGICA AUTOMATICA DE CASTANHAL/PA,65.00,01°18'S,47°55'W,IGUAL,1
294,itaituba,Itaituba-A231,Itaituba,A231,-4.276978,-55.993087,24 ,267,ESTAÇÃO METEOROLÓGICA AUTOMATICA DE ITAITUBA/PA,131.00,04°16'S,55°59'W,IGUAL,1
295,maraba,Marabá-A240,Marabá,A240,-5.366447,-49.051166,117 ,274,ESTAÇÃO METEOROLÓGICA AUTOMATICA DE MARABA/PA,116.00,05°10'S,49°22'W,IGUAL,1
296,medicilandia,Medicilandia-A209,Medicilandia,A209,-3.510943,-52.963450,252 ,256,ESTAÇÃO METEOROLÓGICA AUTOMATICA DE MEDICILANDIA/PA,251.00,03°30'S,52°57'W,IGUAL,1
298,monte-alegre,Monte Alegre-A239,Monte Alegre,A239,-2.000054,-54.076479,101 ,273,ESTAÇÃO METEOROLÓGICA AUTOMATICA DE MONTE ALEGRE/PA,96.00,02°00'S,54°04'W,IGUAL,1
299,novo-repartimento,Novo Repartimento-A235,Novo Repartimento,A235,-4.243989,-49.939308,101 ,271,ESTAÇÃO METEOROLÓGICA AUTOMATICA DE NOVO REPARTIMENTO/PA,113.00,04°15'S,49°55'W,IGUAL,1
300,obidos,Óbidos-A232,Óbidos,A232,-1.880789,-55.519856,90 ,268,ESTAÇÃO METEOROLÓGICA AUTOMATICA DE ÓBIDOS/PA,96.00,05°21'S,49°07'W,IGUAL,1
301,pacaja,Pacajá-A210,Pacajá,A210,-3.843701,-50.638098,89 ,257,ESTAÇÃO METEOROLÓGICA AUTOMATICA DE PACAJÁ/PA,108.00,03°50'S,50°38'W,IGUAL,1
302,paragominas,Paragominas-A212,Paragominas,A212,-2.990361,-47.407833,113 ,259,ESTAÇÃO METEOROLÓGICA AUTOMATICA DE PARAGOMINAS/PA,101.00,03°00'S,47°20'W,IGUAL,1
303,placas,Placas-A211,Placas,A211,-3.864040,-54.216416,100 ,258,ESTAÇÃO METEOROLÓGICA AUTOMATICA DE PLACAS/PA,96.00,03°52'S,54°14'W,IGUAL,1
304,rondon-do-para,Rondon do Pará-A214,Rondon do Pará,A214,-4.827501,-48.173556,203 ,261,ESTAÇÃO METEOROLÓGICA AUTOMATICA DE RONDON DO PARÁ/PA,221.00,04°47'S,48°04'W,IGUAL,1
305,salinopolis,Salinópolis-A215,Salinópolis,A215,-0.618884,-47.356596,23 ,262,ESTAÇÃO METEOROLÓGICA AUTOMATICA DE SALINÓPOLIS/PA,21.00,00°37'S,47°21'W,IGUAL,1
306,santana-do-araguaia,Santana do Araguaia-A233,Santana do Araguaia,A233,-9.338611,-50.35028,177 ,269,ESTAÇÃO METEOROLÓGICA AUTOMATICA DE SANTANA DO ARAGUAIA/PA,168.00,09°20'S,50°21'W,IGUAL,1
307,santarem,Santarém-A250,Santarém,A250,-2.502572,-54.720279,137 ,279,ESTAÇÃO METEOROLÓGICA AUTOMATICA DE SANTARÉM/PA,137.00,02°50'S,54°72'W,IGUAL,1
309,serra-dos-carajas,Serra dos Carajás-A230,Serra dos Carajás,A230,-6.077427,-50.142265,707 ,266,ESTAÇÃO METEOROLÓGICA AUTOMATICA DE SERRA DOS CARAJÁS/PA,719.00,06°04'S,50°08'W,IGUAL,1
310,soure,Soure-A227,Soure,A227,-0.727827,-48.515795,13 ,264,ESTAÇÃO METEOROLÓGICA AUTOMATICA DE SOURE/PA,11.00,00°48'S,48°30'W,IGUAL,1
311,tome-acu,Tomé Açu-A213,Tomé Açu,A213,-2.592606,-48.360585,43 ,260,ESTAÇÃO METEOROLÓGICA AUTOMATICA DE TOMÉ AÇU/PA,38.00,02°24'S,48°09'W,IGUAL,1
312,tucuma,Tucumã-A234,Tucumã,A234,-6.743208,-51.141899,321 ,270,ESTAÇÃO METEOROLÓGICA AUTOMATICA DE TUCUMA/PA,302.00,06°44'S,51°08'W,IGUAL,1
313,tucurui,Tucuruí-A229,Tucuruí,A229,-3.822760,-49.674956,138 ,265,ESTAÇÃO METEOROLÓGICA AUTOMATICA DE TUCURUÍ/PA,148.00,03°49'S,49°40'W,IGUAL,1
314,xinguara,Xinguara-A247,Xinguara,A247,-7.110518,-49.926072,245 ,277,ESTAÇÃO METEOROLÓGICA AUTOMATICA DE XINGUARA/PA,245.00,07°06'S,49°92'W,IGUAL,1
315,areia,Areia-A310,Areia,A310,-6.975451,-35.718128,573 ,174,ESTAÇÃO METEOROLÓGICA AUTOMATICA DE AREIA/PB,574.62,06°58'S,35°41'W,IGUAL,1
316,cabaceiras,Cabaceiras-A348,Cabaceiras,A348,-7.483206,-36.286469,392 ,180,ESTAÇÃO METEOROLÓGICA AUTOMATICA DE CABACEIRAS/PB,436.00,07°29'S,36°17'W,IGUAL,1
317,camaratuba,Camaratuba-A352,Camaratuba,A352,-6.561813,-35.135316,136 ,181,ESTAÇÃO METEOROLÓGICA AUTOMATICA DE CAMARATUBA/PB,136.00,06°36'S,35°08'W,IGUAL,1
318,campina-grande,Campina Grande-A313,Campina Grande,A313,-7.225574,-35.904831,546 ,175,ESTAÇÃO METEOROLÓGICA AUTOMATICA DE CAMPINA GRANDE/PB,547.56,07°13'S,35°53'W,IGUAL,1
320,joao-pessoa,João Pessoa-A320,João Pessoa,A320,-7.165409,-34.815627,34 ,176,ESTAÇÃO METEOROLÓGICA AUTOMATICA DE JOÃO PESSOA/PB,44.00,07°08'S,34°51'W,IGUAL,1
321,monteiro,Monteiro-A334,Monteiro,A334,-7.894465,-37.124704,606 ,179,ESTAÇÃO METEOROLÓGICA AUTOMATICA DE MONTEIRO/PB,603.66,07°53'S,37°06'W,IGUAL,1
322,patos,Patos-A321,Patos,A321,-7.079836,-37.272817,264 ,177,ESTAÇÃO METEOROLÓGICA AUTOMATICA DE PATOS/PB,249.00,07°04'S,37°16'W,IGUAL,1
323,sao-goncalo,São Gonçalo-A333,São Gonçalo,A333,-6.835777,-38.311583,237 ,178,ESTAÇÃO METEOROLÓGICA AUTOMATICA DE SÃO GONÇALO/PB,233.06,06°45'S,38°13'W,IGUAL,1
324,arco-verde,Arco Verde-A309,Arco Verde,A309,-8.433544,-37.055477,684 ,184,ESTAÇÃO METEOROLÓGICA AUTOMATICA DE ARCO VERDE/PE,680.70,08°26'S,37°03'W,IGUAL,1
325,cabrobo,Cabrobó-A329,Cabrobó,A329,-8.504000,-39.315280,343 ,187,ESTAÇÃO METEOROLÓGICA AUTOMATICA DE CABROBÓ/PE,341.46,08°29'S,39°18'W,IGUAL,1
326,caruaru,Caruaru-A341,Caruaru,A341,-8.236069,-35.985550,570 ,188,ESTAÇÃO METEOROLÓGICA AUTOMATICA DE CARUARU/PE,550.00,08°17'S,35°57'W,IGUAL,1
327,floresta,Floresta-A351,Floresta,A351,-8.598785,-38.584062,327 ,191,ESTAÇÃO METEOROLÓGICA AUTOMATICA DE FLORESTA/PE,329.00,08°36'S,38°35'W,IGUAL,1
328,garanhuns,Garanhuns-A322,Garanhuns,A322,-8.910950,-36.493381,828 ,185,ESTAÇÃO METEOROLÓGICA AUTOMATICA DE GARANHUNS/PE,822.76,08°54'S,36°29'W,IGUAL,1
329,ibimirim,Ibimirim-A349,Ibimirim,A349,-8.509552,-37.711591,434 ,189,ESTAÇÃO METEOROLÓGICA AUTOMATICA DE IBIMIRIM/PE,448.00,08°30'S,37°42'W,IGUAL,1
330,ouricuri,Ouricuri-A366,Ouricuri,A366,-7.885833,-40.102683,458 ,193,ESTAÇÃO METEOROLÓGICA AUTOMATICA DE OURICURI/PE,464.00,07°53'S,40°06'W,IGUAL,1
331,palmares,Palmares-A357,Palmares,A357,-8.666667,-35.567921,164 ,192,ESTAÇÃO METEOROLÓGICA AUTOMATICA DE PALMARES/PE,180.00,08°39'S,35°34'W,IGUAL,1
332,petrolina,Petrolina-A307,Petrolina,A307,-9.388323,-40.523262,373 ,183,ESTAÇÃO METEOROLÓGICA AUTOMATICA DE PETROLINA/PE,370.46,09°23'S,40°29'W,IGUAL,1
333,recife,Recife-A301,Recife,A301,-8.059280,-34.959239,11 ,182,ESTAÇÃO METEOROLÓGICA AUTOMATICA DE RECIFE/PE,10.00,08°03'S,34°57'W,IGUAL,1
335,serra-talhada,Serra Talhada-A350,Serra Talhada,A350,-7.954277,-38.295082,499 ,190,ESTAÇÃO METEOROLÓGICA AUTOMATICA DE SERRA TALHADA/PE,461.00,07°57'S,38°17'W,IGUAL,1
336,surubim,Surubim-A328,Surubim,A328,-7.839628,-35.801056,421 ,186,ESTAÇÃO METEOROLÓGICA AUTOMATICA DE SURUBIM/PE,418.32,07°50'S,35°45'W,IGUAL,1
337,alvorada-do-gurgueia,Alvorada do Gurguéia-A336,Alvorada do Gurguéia,A336,-8.441598,-43.865443,261 ,201,ESTAÇÃO METEOROLÓGICA AUTOMATICA DE ALVORADA DO GURGUÉIA/PI,270.00,08°26'S,43°51'W,IGUAL,1
338,bom-jesus-do-piaui,Bom Jesus do Piauí-A326,Bom Jesus do Piauí,A326,-9.083251,-44.326470,296 ,197,ESTAÇÃO METEOROLÓGICA AUTOMATICA DE BOM JESUS DO PIAUI/PI,331.00,09°05'S,44°19'W,IGUAL,1
339,canto-do-buriti,Canto do Buriti-A365,Canto do Buriti,A365,-8.117939,-42.975721,312 ,212,ESTAÇÃO METEOROLÓGICA AUTOMATICA DE CANTO DO BURITI/PI,308.00,08°07'S,42°58'W,IGUAL,1
340,caracol,Caracol-A337,Caracol,A337,-9.285880,-43.324438,515 ,202,ESTAÇÃO METEOROLÓGICA AUTOMATICA DE CARACOL/PI,523.00,09°17'S,43°19'W,IGUAL,1
341,castelo-do-piaui,Castelo do Piauí-A361,Castelo do Piauí,A361,-5.349228,-41.512274,269 ,208,ESTAÇÃO METEOROLÓGICA AUTOMATICA DE CASTELO DO PIAUÍ/PI,286.00,05°20'S,41°30'W,IGUAL,1
342,esperantina,Esperantina-A338,Esperantina,A338,-3.899365,-42.259483,88 ,203,ESTAÇÃO METEOROLÓGICA AUTOMATICA DE ESPERANTINA/PI,65.00,03°54'S,42°14'W,IGUAL,1
343,floriano,Floriano-A311,Floriano,A311,-6.761438,-43.003396,126 ,195,ESTAÇÃO METEOROLÓGICA AUTOMATICA DE FLORIANO/PI,123.27,06°46'S,43°01'W,IGUAL,1
344,gilbues,Gilbués-A364,Gilbués,A364,-9.875196,-45.345805,425 ,211,ESTAÇÃO METEOROLÓGICA AUTOMATICA DE GILBUÉS/PI,425.00,09°52'S,45°20'W,IGUAL,1
345,oeiras,Oeiras-A354,Oeiras,A354,-6.974135,-42.146831,154 ,207,ESTAÇÃO METEOROLÓGICA AUTOMATICA DE OEIRAS/PI,156.00,06°58'S,42°08'W,IGUAL,1
346,parnaiba,Parnaíba-A308,Parnaíba,A308,-3.086656,-41.783139,52 ,194,ESTAÇÃO METEOROLÓGICA AUTOMATICA DE PARNAÍBA/PI,79.50,03°05'S,41°47'W,IGUAL,1
347,paulistana,Paulistana-A330,Paulistana,A330,-8.132288,-41.142945,376 ,198,ESTAÇÃO METEOROLÓGICA AUTOMATICA DE PAULISTANA/PI,374.22,08°04'S,41°04'W,IGUAL,1
348,picos,Picos-A343,Picos,A343,-7.071016,-41.404042,233 ,204,ESTAÇÃO METEOROLÓGICA AUTOMATICA DE PICOS/PI,233.00,07°04'S,41°24'W,IGUAL,1
349,piripiri,Piripiri-A335,Piripiri,A335,-4.276047,-41.794568,158 ,200,ESTAÇÃO METEOROLÓGICA AUTOMATICA DE PIRIPIRI/PI,161.20,04°15'S,41°46'W,IGUAL,1
350,sao-joao-do-piaui,São João do Piauí-A331,São João do Piauí,A331,-8.364977,-42.250369,237 ,199,ESTAÇÃO METEOROLÓGICA AUTOMATICA DE SÃO JOÃO DO PIAUÍ/PI,235.00,08°21'S,42°15'W,IGUAL,1
351,sao-pedro-do-piaui,São Pedro do Piaui-A362,São Pedro do Piaui,A362,-5.911033,-42.718729,296 ,209,ESTAÇÃO METEOROLÓGICA AUTOMATICA DE SÃO PEDRO DO PIAUÍ/PI,287.00,05°54'S,42°43'W,IGUAL,1
353,teresina,Teresina-A312,Teresina,A312,-5.034769,-42.801341,75 ,196,ESTAÇÃO METEOROLÓGICA AUTOMATICA DE TERESINA/PI,74.36,05°04'S,42°48'W,IGUAL,1
354,urucui,Uruçui-A346,Uruçui,A346,-7.441420,-44.345055,399 ,206,ESTAÇÃO METEOROLÓGICA AUTOMATICA DE URUÇUI/PI,393.00,07°28'S,44°20'W,IGUAL,1
355,valenca-do-piaui,Valença do Piauí-A363,Valença do Piauí,A363,-6.399274,-41.739953,313 ,210,ESTAÇÃO METEOROLÓGICA AUTOMATICA DE VALENÇA DO PIAUÍ/PI,301.00,06°23'S,41°44'W,IGUAL,1
357,castro,Castro-A819,Castro,A819,-24.786954,-49.999266,994 ,426,ESTAÇÃO METEOROLÓGICA AUTOMATICA DE CASTRO/PR,1007.76,24°47'S,49°59'W,IGUAL,1
358,cidade-gaucha,Cidade Gaúcha-A869,Cidade Gaúcha,A869,-23.359156,-52.931912,366 ,441,ESTAÇÃO METEOROLÓGICA AUTOMATICA DE CIDADE GAÚCHA/PR,381.00,23°22'S,52°55'W,IGUAL,1
359,clevelandia,Clevelândia-A876,Clevelândia,A876,-26.417200,-52.348741,966 ,447,ESTAÇÃO METEOROLÓGICA AUTOMATICA DE CLEVELANDIA/PR,980.00,26°25'S,52°20'W,IGUAL,1
361,curitiba,Curitiba-A807,Curitiba,A807,-25.448688,-49.230602,923 ,424,ESTAÇÃO METEOROLÓGICA AUTOMATICA DE CURITIBA/PR,923.50,25°26'S,49°13'W,IGUAL,1
362,diamante-do-norte,Diamante do Norte-A849,Diamante do Norte,A849,-22.639366,-52.890156,368 ,438,ESTAÇÃO METEOROLÓGICA AUTOMATICA DE DIAMANTE DO NORTE/PR,362.00,22°38'S,52°53'W,IGUAL,1
363,dois-vizinhos,Dois Vizinhos-A843,Dois Vizinhos,A843,-25.699063,-53.095273,546 ,435,ESTAÇÃO METEOROLÓGICA AUTOMATICA DE DOIS VIZINHOS/PR,520.00,25°41'S,53°05'W,IGUAL,1
364,foz-do-iguacu,Foz do Iguaçu-A846,Foz do Iguaçu,A846,-25.601834,-54.483065,235 ,436,ESTAÇÃO METEOROLÓGICA AUTOMATICA DE FOZ DO IGUAÇU/PR,321.00,25°36'S,54°29'W,IGUAL,1
366,icaraima,Icaraíma-A824,Icaraíma,A824,-23.390380,-53.635933,381 ,431,ESTAÇÃO METEOROLÓGICA AUTOMATICA DE ICARAÍMA/PR,385.00,23°23'S,53°38'W,IGUAL,1
367,ilha-do-mel,Ilha do Mel-A847,Ilha do Mel,A847,-25.494522,-48.326041,4 ,437,ESTAÇÃO METEOROLÓGICA AUTOMATICA DE ILHA DO MEL/PR,1.00,25°29'S,48°19'W,IGUAL,1
368,inacio-martins,Inácio Martins-A823,Inácio Martins,A823,-25.567879,-51.077946,1.209 ,430,ESTAÇÃO METEOROLÓGICA AUTOMATICA DE INÁCIO MARTINS/PR,1260.00,25°33'S,51°05'W,IGUAL,1
369,ivai,Ivaí-A818,Ivaí,A818,-25.010757,-50.853853,804 ,425,ESTAÇÃO METEOROLÓGICA AUTOMATICA DE IVAÍ/PR,808.00,25°00'S,50°51'W,IGUAL,1
370,japira,Japira-A871,Japira,A871,-23.773341,-50.180570,693 ,442,ESTAÇÃO METEOROLÓGICA AUTOMATICA DE JAPIRA/PR,930.00,23°46'S,50°10'W,IGUAL,1
371,joaquim-tavora,Joaquim Távora-A821,Joaquim Távora,A821,-23.505266,-49.946387,513 ,428,ESTAÇÃO METEOROLÓGICA AUTOMATICA DE JOAQUIM TÁVORA/PR,522.00,23°30'S,49°56'W,IGUAL,1
374,maringa,Maringá-A835,Maringá,A835,-23.405357,-51.932828,549 ,433,ESTAÇÃO METEOROLÓGICA AUTOMATICA DE MARINGA/PR,542.00,23°24'S,51°55'W,IGUAL,1
375,morretes,Morretes-A873,Morretes,A873,-25.508935,-48.808681,50 ,444,ESTAÇÃO METEOROLÓGICA AUTOMATICA DE MORRETES/PR,59.00,25°30'S,48°48'W,IGUAL,1
376,nova-fatima,Nova Fátima-A842,Nova Fátima,A842,-23.415284,-50.577744,664 ,434,ESTAÇÃO METEOROLÓGICA AUTOMATICA DE NOVA FÁTIMA/PR,668.00,23°24'S,50°34'W,IGUAL,1
377,nova-tebas,Nova Tebas-A822,Nova Tebas,A822,-24.437346,-51.963020,656 ,429,ESTAÇÃO METEOROLÓGICA AUTOMATICA DE NOVA TEBAS/PR,654.00,24°26'S,51°57'W,IGUAL,1
378,paranapoema,Paranapoema-A850,Paranapoema,A850,-22.658273,-52.134526,309 ,439,ESTAÇÃO METEOROLÓGICA AUTOMATICA DE PARANAPOEMA/PR,311.00,22°39'S,52°08'W,IGUAL,1
379,planalto,Planalto-A855,Planalto,A855,-25.721863,-53.747920,399 ,440,ESTAÇÃO METEOROLÓGICA AUTOMATICA DE PLANALTO/PR,398.00,25°43'S,53°44'W,IGUAL,1
380,sao-mateus-do-sul,São Mateus do Sul-A874,São Mateus do Sul,A874,-25.835604,-50.368994,780 ,445,ESTAÇÃO METEOROLÓGICA AUTOMATICA DE SÃO MATEUS DO SUL/PR,788.00,25°50'S,50°22'W,IGUAL,1
381,ventania,Ventania-A872,Ventania,A872,-24.280394,-50.210150,1.093 ,443,ESTAÇÃO METEOROLÓGICA AUTOMATICA DE VENTANIA/PR,1106.00,24°16'S,50°12'W,IGUAL,1
383,arraial-do-cabo,Arraial do Cabo-A606,Arraial do Cabo,A606,-22.975468,-42.021450,3 ,375,ESTAÇÃO METEOROLÓGICA AUTOMATICA DE ARRAIAL DO CABO/RJ,4.00,22°58'S,42°00'W,IGUAL,1
384,cambuci,Cambuci-A604,Cambuci,A604,-21.587729,-41.958327,60 ,374,ESTAÇÃO METEOROLÓGICA AUTOMATICA DE CAMBUCÍ/RJ,35.00,21°34'S,41°57'W,IGUAL,1
386,campos,Campos - São Tomé-A620,Campos , São Tomé,-22.041647,-41.051871,7 ,376,ESTAÇÃO METEOROLÓGICA AUTOMATICA DE CAMPOS/RJ,25.00,21°42'S,41°21'W,IGUAL,1
389,macae,Macaé-A608,Macaé,A608,-22.376318,-41.812053,25 ,377,ESTAÇÃO METEOROLÓGICA AUTOMATICA DE MACAÉ/RJ,32.00,22°23'S,41°49'W,IGUAL,1
390,nova-friburgo,Nova Friburgo-Salinas-A624,Nova Friburgo,Salinas,-22.334839,-42.676932,1.065 ,385,ESTAÇÃO METEOROLÓGICA AUTOMATICA DE NOVA FRIBURGO/RJ,1046.00,22°19'S,42°40'W,IGUAL,1
393,resende,Resende-A609,Resende,A609,-22.450924,-44.444786,439 ,378,ESTAÇÃO METEOROLÓGICA AUTOMATICA DE RESENDE/RJ,439.89,22°27'S,44°27'W,IGUAL,1
399,saquarema,Saquarema - Sampaio Correia-A667,Saquarema , Sampaio Correia,-22.871321,-42.609219,26 ,391,ESTAÇÃO METEOROLÓGICA AUTOMATICA DE SAQUAREMA/RJ,16.00,22°87'S,42°60'W,IGUAL,1
401,silva-jardim,Silva Jardim-A659,Silva Jardim,A659,-22.645911,-42.415775,19 ,390,ESTAÇÃO METEOROLÓGICA AUTOMATICA DE SILVA JARDIM/RJ,19.00,22°64'S,42°41'W,IGUAL,1
402,teresopolis,Teresópolis - Parque Nacional-A618,Teresópolis , Parque Nacional,-22.448922,-42.987146,991 ,381,ESTAÇÃO METEOROLÓGICA AUTOMATICA DE TERESÓPOLIS/RJ,980.00,22°26'S,42°59'W,IGUAL,1
403,tres-rios,Três Rios-A625,Três Rios,A625,-22.098391,-43.208574,305 ,386,ESTAÇÃO METEOROLÓGICA AUTOMATICA DE TRÊS RIOS /RJ,305.00,22°09'S,43°20'W,IGUAL,1
405,apodi,Apodi-A340,Apodi,A340,-5.626559,-37.814991,131 ,217,ESTAÇÃO METEOROLÓGICA AUTOMATICA DE APODI/RN,150.00,05°40'S,37°47'W,IGUAL,1
406,caico,Caicó-A316,Caicó,A316,-6.467474,-37.084931,171 ,214,ESTAÇÃO METEOROLÓGICA AUTOMATICA DE CAICÓ/RN,169.85,06°27'S,37°05'W,IGUAL,1
407,calcanhar,Calcanhar-A344,Calcanhar,A344,-5.159925,-35.487616,10 ,218,ESTAÇÃO METEOROLÓGICA AUTOMATICA DE CALCANHAR/RN,17.00,05°09'S,35°27'W,IGUAL,1
409,macau,Macau-A317,Macau,A317,-5.151035,-36.573142,17 ,215,ESTAÇÃO METEOROLÓGICA AUTOMATICA DE MACAU/RN,3.43,05°07'S,36°46'W,IGUAL,1
410,mossoro,Mossoró-A318,Mossoró,A318,-4.904087,-37.366943,29 ,216,ESTAÇÃO METEOROLÓGICA AUTOMATICA DE MOSSORÓ/RN,36.00,05°12'S,37°18'W,IGUAL,1
411,natal,Natal-A304,Natal,A304,-5.837187,-35.207921,47 ,213,ESTAÇÃO METEOROLÓGICA AUTOMATICA DE NATAL/RN,48.60,05°54'S,35°12'W,IGUAL,1
412,santa-cruz,Santa Cruz-A367,Santa Cruz,A367,-6.227922,-36.026587,227 ,219,ESTAÇÃO METEOROLÓGICA AUTOMATICA DE SANTA CRUZ/RN,237.00,06°13'S,36°01'W,IGUAL,1
413,ariquemes,Ariquemes-A940,Ariquemes,A940,-9.949001,-62.961873,128 ,283,ESTAÇÃO METEOROLÓGICA AUTOMATICA DE ARIQUEMES/RO,140.00,09°56'S,62°57'W,IGUAL,1
414,cacoal,Cacoal-A939,Cacoal,A939,-11.445837,-61.434146,184 ,282,ESTAÇÃO METEOROLÓGICA AUTOMATICA DE CACOAL/RO,210.00,11°26'S,61°26'W,IGUAL,1
415,porto-velho,Porto Velho-A925,Porto Velho,A925,-8.793662,-63.845931,87 ,280,ESTAÇÃO METEOROLÓGICA AUTOMATICA DE PORTO VELHO/RO,95.00,08°45'S,63°28'W,IGUAL,1
416,vilhena,Vilhena-A938,Vilhena,A938,-12.734862,-60.157784,583 ,281,ESTAÇÃO METEOROLÓGICA AUTOMATICA DE VILHENA/RO,590.00,12°44'S,60°09'W,IGUAL,1
417,boa-vista,Boa Vista-A135,Boa Vista,A135,2.816897,-60.690821,82 ,284,ESTAÇÃO METEOROLÓGICA AUTOMATICA DE BOA VISTA/RR,94.00,2°49'N,60°41'W,IGUAL,1
418,alegrete,Alegrete-A826,Alegrete,A826,-29.709083,-55.525486,121 ,459,ESTAÇÃO METEOROLÓGICA AUTOMATICA DE ALEGRETE/RS,121.00,29°42'S,55°31'W,IGUAL,1
419,bage,Bagé-A827,Bagé,A827,-31.347801,-54.013292,226 ,460,ESTAÇÃO METEOROLÓGICA AUTOMATICA DE BAGÉ/RS,230.00,31°20'S,54°00'W,IGUAL,1
420,bento-goncalves,Bento Gonçalves-A840,Bento Gonçalves,A840,-29.164581,-51.534202,623 ,472,ESTAÇÃO METEOROLÓGICA AUTOMATICA DE BENTO GONÇALVES/RS,640.00,29°10'S,51°32'W,IGUAL,1
421,cacapava-do-sul,Caçapava do Sul-A812,Caçapava do Sul,A812,-30.545317,-53.467050,421 ,457,ESTAÇÃO METEOROLÓGICA AUTOMATICA DE CAÇAPAVA DO SUL/RS,420.00,30°32'S,53°28'W,IGUAL,1
422,camaqua,Camaquã-A838,Camaquã,A838,-30.807953,-51.834240,92 ,470,ESTAÇÃO METEOROLÓGICA AUTOMATICA DE CAMAQUÃ/RS,90.66,30°48'S,51°50'W,IGUAL,1
424,campo-bom,Campo Bom-A884,Campo Bom,A884,-29.674293,-51.064042,23 ,484,ESTAÇÃO METEOROLÓGICA AUTOMATICA DE CAMPO BOM/RS,24.00,29°40'S,51°03'W,IGUAL,1
425,canela,Canela-A879,Canela,A879,-29.368788,-50.827231,831 ,479,ESTAÇÃO METEOROLÓGICA AUTOMATICA DE CANELA/RS,830.00,29°22'S,50°49'W,IGUAL,1
426,cangucu,Canguçu-A811,Canguçu,A811,-31.403299,-52.700699,447 ,456,ESTAÇÃO METEOROLÓGICA AUTOMATICA DE CANGUÇU/RS,464.00,31°24'S,52°42'W,IGUAL,1
427,cruz-alta,Cruz Alta-A853,Cruz Alta,A853,-28.603440,-53.673597,427 ,475,ESTAÇÃO METEOROLÓGICA AUTOMATICA DE CRUZ ALTA/RS,432.00,28°36'S,53°40'W,IGUAL,1
428,dom-pedrito,Dom Pedrito-A881,Dom Pedrito,A881,-30.992475,-54.815270,157 ,481,ESTAÇÃO METEOROLÓGICA AUTOMATICA DE DOM PEDRITO/RS,170.00,30°59'S,53°48'W,IGUAL,1
429,erechim,Erechim-A828,Erechim,A828,-27.657710,-52.305805,777 ,461,ESTAÇÃO METEOROLÓGICA AUTOMATICA DE ERECHIM/RS,765.00,27°39'S,52°18'W,IGUAL,1
430,frederico-westphalen,Frederico Westphalen-A854,Frederico Westphalen,A854,-27.395686,-53.429421,489 ,476,ESTAÇÃO METEOROLÓGICA AUTOMATICA DE FREDERICO WESTPHALEN/RS,490.00,27°23'S,53°24'W,IGUAL,1
431,ibiruba,Ibirubá-A883,Ibirubá,A883,-28.653458,-53.111881,455 ,483,ESTAÇÃO METEOROLÓGICA AUTOMATICA DE IBIRUBA/RS,456.00,28°39'S,53°06'W,IGUAL,1
432,jaguarao,Jaguarão-A836,Jaguarão,A836,-32.534825,-53.375860,31 ,468,ESTAÇÃO METEOROLÓGICA AUTOMATICA DE JAGUARÃO/RS,47.00,32°33'S,53°22'W,IGUAL,1
434,mostardas,Mostardas-A878,Mostardas,A878,-31.248279,-50.906279,4 ,478,ESTAÇÃO METEOROLÓGICA AUTOMATICA DE MOSTARDAS/RS,10.00,31°14'S,50°54'W,IGUAL,1
436,passo-fundo,Passo Fundo-A839,Passo Fundo,A839,-28.226805,-52.403582,681 ,471,ESTAÇÃO METEOROLÓGICA AUTOMATICA DE PASSO FUNDO/RS,684.05,28°13'S,52°24'W,IGUAL,1
437,porto-alegre,Porto Alegre-A801,Porto Alegre,A801,-30.053536,-51.174766,41 ,448,ESTAÇÃO METEOROLÓGICA AUTOMATICA DE PORTO ALEGRE/RS,46.97,30°03'S,51°10'W,IGUAL,1
438,quarai,Quaraí-A831,Quaraí,A831,-30.368578,-56.437115,113 ,464,ESTAÇÃO METEOROLÓGICA AUTOMATICA DE QUARAI/RS,124.00,30°22'S,56°26'W,IGUAL,1
439,rio-grande,Rio Grande-A802,Rio Grande,A802,-32.078780,-52.167738,5 ,449,ESTAÇÃO METEOROLÓGICA AUTOMATICA DE RIO GRANDE/RS,2.46,32°01'S,52°06'W,IGUAL,1
440,rio-pardo,Rio Pardo-A813,Rio Pardo,A813,-29.872113,-52.381980,107 ,458,ESTAÇÃO METEOROLÓGICA AUTOMATICA DE RIO PARDO/RS,111.00,29°52'S,52°22'W,IGUAL,1
441,santa-maria,Santa Maria-A803,Santa Maria,A803,-29.724960,-53.720469,103 ,450,ESTAÇÃO METEOROLÓGICA AUTOMATICA DE SANTA MARIA/RS,95.00,29°42'S,53°42'W,IGUAL,1
443,santa-rosa,Santa Rosa-A810,Santa Rosa,A810,-27.890463,-54.480014,273 ,455,ESTAÇÃO METEOROLÓGICA AUTOMATICA DE SANTA ROSA/RS,276.00,27°53'S,54°28'W,IGUAL,1
445,santiago,Santiago-A833,Santiago,A833,-29.191599,-54.885653,390 ,466,ESTAÇÃO METEOROLÓGICA AUTOMATICA DE SANTIAGO/RS,394.00,29°11'S,54°53'W,IGUAL,1
447,sao-borja,São Borja-A830,São Borja,A830,-28.650092,-56.016291,81 ,463,ESTAÇÃO METEOROLÓGICA AUTOMATICA DE SÃO BORJA/RS,83.00,28°38'S,56°00'W,IGUAL,1
448,sao-gabriel,São Gabriel-A832,São Gabriel,A832,-30.341438,-54.310909,115 ,465,ESTAÇÃO METEOROLÓGICA AUTOMATICA DE SÃO GABRIEL/RS,126.00,30°20'S,54°19'W,IGUAL,1
451,sao-vicente-do-sul,São Vicente do Sul-A889,São Vicente do Sul,A889,-29.702111,-54.694319,134 ,486,ESTAÇÃO METEOROLÓGICA AUTOMATICA DE SÃO VICENTE DO SUL/RS,134.00,29°70'S,54°69'W,IGUAL,1
452,serafina-correa,Serafina Corrêa-A894,Serafina Corrêa,A894,-28.704806,-51.870751,545 ,487,ESTAÇÃO METEOROLÓGICA AUTOMATICA DE SERAFINA CORREA/RS,134.00,29°70'S,54°69'W,IGUAL,1
453,soledade,Soledade-A837,Soledade,A837,-28.859211,-52.542387,660 ,469,ESTAÇÃO METEOROLÓGICA AUTOMATICA DE SOLEDADE/RS,667.00,28°51'S,52°33'W,IGUAL,1
454,teutonia,Teutônia-A882,Teutônia,A882,-29.450334,-51.824283,80 ,482,ESTAÇÃO METEOROLÓGICA AUTOMATICA DE TEUTONIA/RS,81.00,29°27'S,51°49'W,IGUAL,1
455,torres,Torres-A808,Torres,A808,-29.350359,-49.733263,8 ,453,ESTAÇÃO METEOROLÓGICA AUTOMATICA DE TORRES/RS,4.66,29°21'S,49°43'W,IGUAL,1
456,tramandai,Tramandaí-A834,Tramandaí,A834,-30.010268,-50.135887,5 ,467,ESTAÇÃO METEOROLÓGICA AUTOMATICA DE TRAMANDAI/RS,1.00,30°00'S,50°08'W,IGUAL,1
457,tupancireta,Tupanciretã-A886,Tupanciretã,A886,-29.0893814,-53.82665025,462 ,485,ESTAÇÃO METEOROLÓGICA AUTOMATICA DE TUPANCIRETA/RS,462.00,29°89'S,53°82'W,IGUAL,1
458,uruguaiana,Uruguaiana-A809,Uruguaiana,A809,-29.839870,-57.081899,74 ,454,ESTAÇÃO METEOROLÓGICA AUTOMATICA DE URUGUAIANA/RS,62.31,29°50'S,57°04'W,IGUAL,1
459,vacaria,Vacaria-A880,Vacaria,A880,-28.513602,-50.882738,970 ,480,ESTAÇÃO METEOROLÓGICA AUTOMATICA DE VACARIA/RS,986.00,28°30'S,50°52'W,IGUAL,1
460,ararangua,Araranguá-A867,Araranguá,A867,-28.931353,-49.497920,2 ,508,ESTAÇÃO METEOROLÓGICA AUTOMATICA DE ARARANGUA/SC,12.00,28°57'S,49°29'W,IGUAL,1
461,cacador,Caçador-A859,Caçador,A859,-26.819156,-50.985520,944 ,500,ESTAÇÃO METEOROLÓGICA AUTOMATICA DE CAÇADOR/SC,952.00,26°49'S,50°50'W,IGUAL,1
462,curitibanos,Curitibanos-A860,Curitibanos,A860,-27.288624,-50.604283,978 ,501,ESTAÇÃO METEOROLÓGICA AUTOMATICA DE CURITIBANOS/SC,982.00,27°17'S,50°36'W,IGUAL,1
463,dionisio-cerqueira,Dionísio Cerqueira-A848,Dionísio Cerqueira,A848,-26.286562,-53.633114,808 ,496,ESTAÇÃO METEOROLÓGICA AUTOMATICA DE DIONÍSIO CERQUEIRA/SC,810.00,26°17'S,53°37'W,IGUAL,1
464,florianopolis,Florianópolis-São José-A806,Florianópolis,São José,-27.602530,-48.620096,5 ,489,ESTAÇÃO METEOROLÓGICA AUTOMATICA DE FLORIANÓPOLIS/SC,1.80,27°36'S,48°36'W,IGUAL,1
465,indaial,Indaial-A817,Indaial,A817,-26.913704,-49.267978,72 ,493,ESTAÇÃO METEOROLÓGICA AUTOMATICA DE INDAIAL/SC,86.13,26°54'S,49°16'W,IGUAL,1
466,itajai,Itajaí-A868,Itajaí,A868,-26.950924,-48.762031,10 ,509,ESTAÇÃO METEOROLÓGICA AUTOMATICA DE ITAJAI/SC,18.00,26°57'S,48°45'W,IGUAL,1
467,itapoa,Itapoá-A851,Itapoá,A851,-26.081303,-48.641774,6 ,497,ESTAÇÃO METEOROLÓGICA AUTOMATICA DE ITAPOÁ/SC,2.00,26°04'S,48°38'W,IGUAL,1
468,ituporanga,Ituporanga-A863,Ituporanga,A863,-27.418410,-49.646874,480 ,504,ESTAÇÃO METEOROLÓGICA AUTOMATICA DE ITUPORANGA/SC,484.00,27°25'S,49°38'W,IGUAL,1
469,joacaba,Joaçaba-A841,Joaçaba,A841,-27.169268,-51.558963,768 ,494,ESTAÇÃO METEOROLÓGICA AUTOMATICA DE JOAÇABA/SC,776.00,27°10'S,51°33'W,IGUAL,1
470,lages,Lages-A865,Lages,A865,-27.802228,-50.335457,953 ,506,ESTAÇÃO METEOROLÓGICA AUTOMATICA DE LAGES/SC,955.00,27°48'S,50°20'W,IGUAL,1
472,major-vieira,Major Vieira-A864,Major Vieira,A864,-26.393664,-50.363211,800 ,505,ESTAÇÃO METEOROLÓGICA AUTOMATICA DE MAJOR VIEIRA/SC,808.00,26°23'S,50°21'W,IGUAL,1
474,novo-horizonte,Novo Horizonte-A816,Novo Horizonte,A816,-26.406499,-52.850366,944 ,492,ESTAÇÃO METEOROLÓGICA AUTOMATICA DE NOVO HORIZONTE/SC,960.00,26°24'S,52°51'W,IGUAL,1
475,rancho-queimado,Rancho Queimado-A870,Rancho Queimado,A870,-27.678507,-49.042027,881 ,510,ESTAÇÃO METEOROLÓGICA AUTOMATICA DE RANCHO QUEIMADO/SC,881.00,27°67'S,49°04'W,IGUAL,1
476,rio-do-campo,Rio do Campo-A861,Rio do Campo,A861,-26.937526,-50.145445,592 ,502,ESTAÇÃO METEOROLÓGICA AUTOMATICA DE RIO DO CAMPO/SC,592.00,26°56'S,50°08'W,IGUAL,1
477,rio-negrinho,Rio Negrinho-A862,Rio Negrinho,A862,-26.248411,-49.580624,857 ,503,ESTAÇÃO METEOROLÓGICA AUTOMATICA DE RIO NEGRINHO/SC,869.00,26°14'S,49°34'W,IGUAL,1
478,sao-joaquim,São Joaquim-A815,São Joaquim,A815,-28.275640,-49.934617,1.400 ,491,ESTAÇÃO METEOROLÓGICA AUTOMATICA DE SÃO JOAQUIM/SC,1410.00,28°16'S,49°56'W,IGUAL,1
479,sao-miguel-do-oeste,São Miguel do Oeste-A857,São Miguel do Oeste,A857,-26.776699,-53.504541,655 ,498,ESTAÇÃO METEOROLÓGICA AUTOMATICA DE SÃO MIGUEL DO OESTE/SC,665.00,26°46'S,53°30'W,IGUAL,1
480,urussanga,Urussanga-A814,Urussanga,A814,-28.532557,-49.315205,41 ,490,ESTAÇÃO METEOROLÓGICA AUTOMATICA DE URUSSANGA/SC,48.00,28°31'S,49°18'W,IGUAL,1
481,xanxere,Xanxerê-A858,Xanxerê,A858,-26.938666,-52.398090,879 ,499,ESTAÇÃO METEOROLÓGICA AUTOMATICA DE XANXERÊ/SC,889.00,26°56'S,52°24'W,IGUAL,1
482,aracaju,Aracaju-A409,Aracaju,A409,-10.952413,-37.054330,4 ,220,ESTAÇÃO METEOROLÓGICA AUTOMATICA DE ARACAJÚ/SE,4.72,10°57'S,37°03'W,IGUAL,1
483,brejo-grande,Brejo Grande-A421,Brejo Grande,A421,-10.473959,-36.482051,6 ,224,ESTAÇÃO METEOROLÓGICA AUTOMATICA DE BREJO GRANDE/SE,10.00,10°25'S,36°28'W,IGUAL,1
484,carira,Carira-A420,Carira,A420,-10.399719,-37.747503,290 ,223,ESTAÇÃO METEOROLÓGICA AUTOMATICA DE CARIRA/SE,308.00,10°23'S,37°44'W,IGUAL,1
486,itabaianinha,Itabaianinha-A417,Itabaianinha,A417,-11.2725,-37.795,205 ,221,ESTAÇÃO METEOROLÓGICA AUTOMATICA DE ITABAIANINHA/SE,208.00,11°16'S,37°47'W,IGUAL,1
488,poco-verde,Poço Verde-A419,Poço Verde,A419,-10.738020,-38.108389,367 ,222,ESTAÇÃO METEOROLÓGICA AUTOMATICA DE POÇO VERDE/SE,362.00,10°44'S,38°06'W,IGUAL,1
489,ariranha,Ariranha-A736,Ariranha,A736,-21.132937,-48.840426,525 ,412,ESTAÇÃO METEOROLÓGICA AUTOMATICA DE ARIRANHA/SP,525.00,21°07'S,48°50'W,IGUAL,1
490,avare,Avaré-A725,Avaré,A725,-23.101749,-48.940997,776 ,404,ESTAÇÃO METEOROLÓGICA AUTOMATICA DE AVARÉ/SP,654.00,23°04'S,48°53'W,IGUAL,1
491,barra-bonita,Barra Bonita-A741,Barra Bonita,A741,-22.471205,-48.557573,534 ,417,ESTAÇÃO METEOROLÓGICA AUTOMATICA DE BARRA BONITA/SP,544.00,22°20'S,48°33'W,IGUAL,1
492,barra-do-turvo,Barra do Turvo-A746,Barra do Turvo,A746,-24.962819,-48.416379,660 ,419,ESTAÇÃO METEOROLÓGICA AUTOMATICA DE BARRA DO TURVO/SP,667.00,24°57'S,48°24'W,IGUAL,1
493,barretos,Barretos-A748,Barretos,A748,-20.559175,-48.544997,534 ,421,ESTAÇÃO METEOROLÓGICA AUTOMATICA DE BARRETOS/SP,533.00,20°33'S,48°32'W,IGUAL,1
494,barueri,Baruerí-A755,Baruerí,A755,-23.52389,-46.86945,777 ,423,ESTAÇÃO METEOROLÓGICA AUTOMATICA DE BARUERI/SP,791.00,23°31'S,46°52'W,IGUAL,1
495,bauru,Bauru-A705,Bauru,A705,-22.358052,-49.028877,636 ,393,ESTAÇÃO METEOROLÓGICA AUTOMATICA DE BAURU/SP,550.00,22°18'S,49°42'W,IGUAL,1
499,campos-do-jordao,Campos do Jordão-A706,Campos do Jordão,A706,-22.750231,-45.603836,1.663 ,394,ESTAÇÃO METEOROLÓGICA AUTOMATICA DE CAMPOS DO JORDÃO/SP,1642.00,22°45'S,45°36'W,IGUAL,1
500,casa-branca,Casa Branca-A738,Casa Branca,A738,-21.78056,-47.07528,734 ,414,ESTAÇÃO METEOROLÓGICA AUTOMATICA DE CASA BRANCA/SP,730.00,21°46'S,47°04'W,IGUAL,1
502,franca,Franca-A708,Franca,A708,-20.584475,-47.382549,1.003 ,396,ESTAÇÃO METEOROLÓGICA AUTOMATICA DE FRANCA/SP,1026.00,20°34'S,47°22'W,IGUAL,1
503,ibitinga,Ibitinga-A737,Ibitinga,A737,-21.855567,-48.799717,497 ,413,ESTAÇÃO METEOROLÓGICA AUTOMATICA DE IBITINGA/SP,492.00,21°51'S,48°48'W,IGUAL,1
504,iguape,Iguape-A712,Iguape,A712,-24.671654,-47.545896,3 ,398,ESTAÇÃO METEOROLÓGICA AUTOMATICA DE IGUAPE/SP,3.00,24°42'S,47°33'W,IGUAL,1
505,itapeva,Itapeva-A714,Itapeva,A714,-23.981918,-48.885818,743 ,400,ESTAÇÃO METEOROLÓGICA AUTOMATICA DE ITAPEVA/SP,707.00,23°58'S,48°51'W,IGUAL,1
506,itapira,Itapira-A739,Itapira,A739,-22.415062,-46.805292,635 ,415,ESTAÇÃO METEOROLÓGICA AUTOMATICA DE ITAPIRA/SP,633.00,22°24'S,46°48'W,IGUAL,1
507,ituverava,Ituverava-A753,Ituverava,A753,-20.35976,-47.77522,611 ,422,ESTAÇÃO METEOROLÓGICA AUTOMATICA DE ITUVERAVA/SP,600.00,20°21'S,47°46'W,IGUAL,1
508,jales,Jales-A733,Jales,A733,-20.165025,-50.595134,460 ,409,ESTAÇÃO METEOROLÓGICA AUTOMATICA DE JALES/SP,457.00,20°09'S,50°35'W,IGUAL,1
509,jose-bonifacio,José Bonifácio-A735,José Bonifácio,A735,-21.085675,-49.920388,408 ,411,ESTAÇÃO METEOROLÓGICA AUTOMATICA DE JOSÉ BONIFÁCIO/SP,405.00,21°02'S,49°41'W,IGUAL,1
510,lins,Lins-A727,Lins,A727,-21.666045,-49.734854,461 ,406,ESTAÇÃO METEOROLÓGICA AUTOMATICA DE LINS/SP,459.00,21°39'S,49°44'W,IGUAL,1
512,ourinhos,Ourinhos-A716,Ourinhos,A716,-22.949000,-49.894546,443 ,402,ESTAÇÃO METEOROLÓGICA AUTOMATICA DE OURINHOS/SP,448.00,22°57'S,49°51'W,IGUAL,1
513,piracicaba,Piracicaba-A726,Piracicaba,A726,-22.703132,-47.623317,566 ,405,ESTAÇÃO METEOROLÓGICA AUTOMATICA DE PIRACICABA/SP,573.00,22°42'S,47°37'W,IGUAL,1
514,pradopolis,Pradópolis-A747,Pradópolis,A747,-21.338432,-48.114007,540 ,420,ESTAÇÃO METEOROLÓGICA AUTOMATICA DE PRADÓPOLIS/SP,544.00,21°20'S,48°06'W,IGUAL,1
515,presidente-prudente,Presidente Prudente-A707,Presidente Prudente,A707,-22.119867,-51.408637,432 ,395,ESTAÇÃO METEOROLÓGICA AUTOMATICA DE PRESIDENTE PRUDENTE/SP,435.55,22°07'S,51°24'W,IGUAL,1
516,rancharia,Rancharia-A718,Rancharia,A718,-22.372832,-50.974710,399 ,403,ESTAÇÃO METEOROLÓGICA AUTOMATICA DE RANCHARIA/SP,350.00,22°22'S,50°58'W,IGUAL,1
518,sao-carlos,São Carlos-A711,São Carlos,A711,-21.980353,-47.883927,859 ,397,ESTAÇÃO METEOROLÓGICA AUTOMATICA DE SÃO CARLOS/SP,863.00,21°57'S,47°52'W,IGUAL,1
523,sorocaba,Sorocaba-A713,Sorocaba,A713,-23.426035,-47.585552,609 ,399,ESTAÇÃO METEOROLÓGICA AUTOMATICA DE SOROCABA/SP,609.00,23°21'S,47°40'W,IGUAL,1
524,taubate,Taubaté-A728,Taubaté,A728,-23.041668,-45.520841,582 ,407,ESTAÇÃO METEOROLÓGICA AUTOMATICA DE TAUBATÉ/SP,571.00,23°02'S,45°31'W,IGUAL,1
526,valparaiso,Valparaiso-A734,Valparaiso,A734,-21.319138,-50.930158,382 ,410,ESTAÇÃO METEOROLÓGICA AUTOMATICA DE VALPARAISO/SP,374.00,21°19'S,50°55'W,IGUAL,1
527,votuporanga,Votuporanga-A729,Votuporanga,A729,-20.403221,-49.966031,510 ,408,ESTAÇÃO METEOROLÓGICA AUTOMATICA DE VOTUPORANGA/SP,486.00,20°24'S,49°57'W,IGUAL,1
528,almas,Almas-A053,Almas,A053,-11.284098,-47.212125,503 ,301,ESTAÇÃO METEOROLÓGICA AUTOMATICA DE ALMAS/TO,512.00,11°28'S,47°21'W,IGUAL,1
529,araguacu,Araguaçu-A054,Araguaçu,A054,-12.592213,-49.528738,231 ,302,ESTAÇÃO METEOROLÓGICA AUTOMATICA DE ARAGUACU/TO,231.00,12°59'S,49°52'W,IGUAL,1
530,araguaina,Araguaina-A021,Araguaina,A021,-7.103954,-48.201231,231 ,290,ESTAÇÃO METEOROLÓGICA AUTOMATICA DE ARAGUAÍNA/TO,226.00,07°06'S,48°12'W,IGUAL,1
531,araguatins,Araguatins-A044,Araguatins,A044,-5.643725,-48.111839,131 ,296,ESTAÇÃO METEOROLÓGICA AUTOMATICA DE ARAGUATINS/TO,117.00,05°38'S,48°06'W,IGUAL,1
532,campos-lindos,Campos Lindos-A043,Campos Lindos,A043,-8.154665,-46.639323,427 ,295,ESTAÇÃO METEOROLÓGICA AUTOMATICA DE CAMPOS LINDOS/TO,425.00,08°09'S,46°38'W,IGUAL,1
534,dianopolis,Dianópolis-A038,Dianópolis,A038,-11.594448,-46.847209,728 ,291,ESTAÇÃO METEOROLÓGICA AUTOMATICA DE DIANOPOLIS/TO,732.00,11°35'S,46°50'W,IGUAL,1
535,formoso-do-araguaia,Formoso do Araguaia-A039,Formoso do Araguaia,A039,-11.887377,-49.608215,215 ,292,ESTAÇÃO METEOROLÓGICA AUTOMATICA DE FORMOSO DO ARAGUAIA/TO,220.00,11°53'S,49°36'W,IGUAL,1
536,gurupi,Gurupi-A019,Gurupi,A019,-11.745782,-49.049703,279 ,288,ESTAÇÃO METEOROLÓGICA AUTOMATICA DE GURUPI/TO,287.00,11°44'S,49°02'W,IGUAL,1
539,mateiros,Mateiros-A040,Mateiros,A040,-10.434441,-45.921941,791 ,293,ESTAÇÃO METEOROLÓGICA AUTOMATICA DE MATEIROS/TO,798.00,10°25'S,45°55'W,IGUAL,1
540,palmas,Palmas-A009,Palmas,A009,-10.190744,-48.301811,292 ,285,ESTAÇÃO METEOROLÓGICA AUTOMATICA DE PALMAS/TO,280.00,10°11'S,48°18'W,IGUAL,1
541,parana,Paranã-A010,Paranã,A010,-12.614893,-47.871917,285 ,286,ESTAÇÃO METEOROLÓGICA AUTOMATICA DE PARANÃ/TO,280.00,12°36'S,47°52'W,IGUAL,1
542,pedro-afonso,Pedro Afonso-A020,Pedro Afonso,A020,-8.968677,-48.177259,190 ,289,ESTAÇÃO METEOROLÓGICA AUTOMATICA DE PEDRO AFONSO/TO,189.00,08°58'S,48°11'W,IGUAL,1
543,peixe,Peixe-A018,Peixe,A018,-12.015377,-48.544517,251 ,287,ESTAÇÃO METEOROLÓGICA AUTOMATICA DE PEIXE/TO,242.00,12°01'S,48°33'W,IGUAL,1
544,pium,Pium-A051,Pium,A051,-10.476944,-49.629475,161 ,299,ESTAÇÃO METEOROLÓGICA AUTOMATICA DE PIUM/TO,161.00,10°47'S,49°62'W,IGUAL,1
545,rio-sono,Rio Sono-A050,Rio Sono,A050,-9.793363,-47.132732,291 ,298,ESTAÇÃO METEOROLÓGICA AUTOMATICA DE RIO SONO/TO,291.00,09°16'S,47°13'W,IGUAL,1
546,santa-fe-do-araguaia,Santa Fé do Araguaia-A048,Santa Fé do Araguaia,A048,-7.124191,-48.781267,171 ,297,ESTAÇÃO METEOROLÓGICA AUTOMATICA DE SANTA FE DO ARAGUAIA/TO,171.00,07°12'S,48°78'W,IGUAL,1
547,santa-rosa-do-tocantins,Santa Rosa do Tocantins-A052,Santa Rosa do Tocantins,A052,-11.429018,-48.184889,306 ,300,ESTAÇÃO METEOROLÓGICA AUTOMATICA DE SANTA ROSA DO TOCANTINS/TO,306.00,11°04'S,48°18'W,IGUAL,1
0,porto-grande,,,,,,,252,ESTAÇÃO METEOROLÓGICA AUTOMATICA DE PORTO GRANDE/AP,77.00,00°42'N,51°25'W,?,0
5,prq-est-chandless,Parque Estadual Chandless-A102,Parque Estadual Chandless,A102,-9.358353,-69.926257,185 ,225,ESTAÇÃO METEOROLÓGICA AUTOMATICA DE PRQ. EST. CHANDLESS/AC,206.00,09°21'S,69°56'W,SEMELHANTE,0.6799999999999999
13,parintins,,,,,,,243,ESTAÇÃO METEOROLÓGICA AUTOMATICA DE PARINTINS/AM,35.00,02°38'S,56°45'W,?,0
31,s-g-da-cachoeira,,,,,,,249,ESTAÇÃO METEOROLÓGICA AUTOMATICA DE S. G. DA CACHOEIRA/AM,90.00,00°07'S,67°03'W,?,0
33,marambaia,,,,,,,372,ESTAÇÃO METEOROLÓGICA AUTOMATICA DE MARAMBAIA/RJ,9.70,23°03'S,43°36'W,?,0
53,formoso-do-rio-preto,Formosa do Rio Preto-A452,Formosa do Rio Preto,A452,-11.0521639,-45.2007694,488 ,141,ESTAÇÃO METEOROLÓGICA AUTOMATICA DE FORMOSO DO RIO PRETO/BA,488.00,11°05'S,45°20'W,SEMELHANTE,0.95
66,l-e-magalhaes,,,,,,,99,ESTAÇÃO METEOROLÓGICA AUTOMATICA DE L. E. MAGALHAES/BA,754.04,12°09'S,45°49'W,?,0
77,sta-rita-de-cassia,Santa Rita de Cássia-A415,Santa Rita de Cássia,A415,-11.002768,-44.524965,450 ,109,ESTAÇÃO METEOROLÓGICA AUTOMATICA DE STA RITA DE CASSIA/BA,450.00,11°01'S,44°31'W,SEMELHANTE,0.9
100,santana,,,,,,,163,ESTAÇÃO METEOROLÓGICA AUTOMATICA DE SANTANA/MA,8.00,02°16'S,43°37'W,?,0
101,marianopolid-do-to,,,,,,,294,ESTAÇÃO METEOROLÓGICA AUTOMATICA DE MARIANOPOLID DO TO/TO,203.00,09°34'S,49°43'W,?,0
105,ecologia-agricola,,,,,,,371,ESTAÇÃO METEOROLÓGICA AUTOMATICA DE ECOLOGIA AGRÍCOLA/RJ,34.00,22°48'S,43°41'W,?,0
107,parati,,,,,,,382,ESTAÇÃO METEOROLÓGICA AUTOMATICA DE PARATÍ/RJ,4.00,23°13'S,44°43'W,?,0
109,pres-kennedy,,,,,,,309,ESTAÇÃO METEOROLÓGICA AUTOMATICA DE PRES. KENNEDY/ES,80.00,21°06'S,41°02'W,?,0
112,sant-do-livramento,,,,,,,451,ESTAÇÃO METEOROLÓGICA AUTOMATICA DE SANT. DO LIVRAMENTO/RS,328.00,30°50'S,55°36'W,?,0
113,vila-militar,,,,,,,384,ESTAÇÃO METEOROLÓGICA AUTOMATICA DE VILA MILITAR/RJ,45.00,22°51'S,43°24'W,?,0
115,alto-paraiso-goias,Alto Paraíso de Goiás-A024,Alto Paraíso de Goiás,A024,-14.133074,-47.523258,1.265 ,16,ESTAÇÃO METEOROLÓGICA AUTOMATICA DE ALTO PARAISO GOIAS/GO,1260.00,14°07'S,47°31'W,SEMELHANTE,0.8571428571428572
120,moela,,,,,,,418,ESTAÇÃO METEOROLÓGICA AUTOMATICA DE MOELA/SP,45.00,24°02'S,46°15'W,?,0
121,santa-marta,,,,,,,507,ESTAÇÃO METEOROLÓGICA AUTOMATICA DE SANTA MARTA/SC,52.00,28°36'S,48°48'W,?,0
130,monte-alegre-goias,Monte Alegre de Goiás-A032,Monte Alegre de Goiás,A032,-13.253521,-46.890326,551 ,21,ESTAÇÃO METEOROLÓGICA AUTOMATICA DE MONTE ALEGRE GOIAS/GO,1253.00,13°14'S,46°53'W,SEMELHANTE,0.8571428571428572
137,s-felix-do-araguaia,,,,,,,74,ESTAÇÃO METEOROLÓGICA AUTOMATICA DE S.FELIX DO ARAGUAIA/MT,218.00,11°37'S,50°43'W,?,0
150,preguicas,,,,,,,164,ESTAÇÃO METEOROLÓGICA AUTOMATICA DE PREGUIÇAS/MA,0.10,02°35'S,42°42'W,?,0
151,forte-de-copacabana,,,,,,,388,ESTAÇÃO METEOROLÓGICA AUTOMATICA DE FORTE DE COPACABANA/RJ,45.00,22°59'S,43°11'W,?,0
154,sao-luiz,São Luís-A203,São Luís,A203,-2.526771,-44.213577,55 ,158,ESTAÇÃO METEOROLÓGICA AUTOMATICA DE SÃO LUIZ/MA,56.00,02°31'S,44°12'W,SEMELHANTE,0.875
159,c-do-araguaia,,,,,,,275,ESTAÇÃO METEOROLÓGICA AUTOMATICA DE C. DO ARAGUAIA/PA,180.00,08°15'S,49°16'W,?,0
161,chui,,,,,,,488,ESTAÇÃO METEOROLÓGICA AUTOMATICA DE CHUÍ/RS,13.00,33°45'S,53°21'W,?,0
163,belo-horizonte-cercadinho,,,,,,,370,ESTAÇÃO METEOROLÓGICA AUTOMATICA DE BELO HORIZONTE - CERCADINHO/MG,1214.00,19°97'S,43°95'W,?,0
164,belo-hor-pampulha,,,,,,,329,ESTAÇÃO METEOROLÓGICA AUTOMATICA DE BELO HOR. (PAMPULHA)/MG,869.00,19°53'S,43°58'W,?,0
171,conc-das-alagoas,Conceição das Alagoas-A520,Conceição das Alagoas,A520,-19.985860,-48.151574,573 ,328,ESTAÇÃO METEOROLÓGICA AUTOMATICA DE CONC. DAS ALAGOAS/MG,568.00,19°59'S,48°09'W,SEMELHANTE,0.7619047619047619
175,mina-do-palito,,,,,,,276,ESTAÇÃO METEOROLÓGICA AUTOMATICA DE MINA DO PALITO/PA,261.00,06°19'S,55°47'W,?,0
182,guarda-mor,,,,,,,354,ESTAÇÃO METEOROLÓGICA AUTOMATICA DE GUARDA-MOR/MG,616.00,17°48'S,47°01'W,?,0
186,manaus,,,,,,,232,ESTAÇÃO METEOROLÓGICA AUTOMATICA DE MANAUS/AM,67.00,03°07'S,59°57'W,?,0
190,sao-paulo,,,,,,,392,ESTAÇÃO METEOROLÓGICA AUTOMATICA DE SAO PAULO/SP,792.06,23°30'S,46°37'W,?,0
202,palmeira-da-missoes,,,,,,,477,ESTAÇÃO METEOROLÓGICA AUTOMATICA DE PALMEIRA DA MISSÕES/RS,631.00,27°55'S,53°19'W,?,0
203,patrocinio,Patrocíonio-A523,Patrocíonio,A523,-18.996684,-46.985935,978 ,331,ESTAÇÃO METEOROLÓGICA AUTOMATICA DE PATROCÍNIO/MG,976.00,19°00'S,46°58'W,SEMELHANTE,0.9090909090909091
209,s-j-del-rei,São João del Rei-A514,São João del Rei,A514,-21.106502,-44.250928,930 ,322,ESTAÇÃO METEOROLÓGICA AUTOMATICA DE S.J.DEL REI/MG,991.00,21°06'S,44°15'W,SEMELHANTE,0.6875
217,xerem,,,,,,,373,ESTAÇÃO METEOROLÓGICA AUTOMATICA DE XEREM/RJ,33.00,22°35'S,43°16'W,?,0
227,cpo-grande,Campo Grande-A702,Campo Grande,A702,-20.447195,-54.722615,528 ,27,ESTAÇÃO METEOROLÓGICA AUTOMATICA DE CPº. GRANDE/MS,530.00,20°27'S,54°36'W,SEMELHANTE,0.8333333333333334
245,s-gabriel-do-oeste,São Gabriel do Oeste-A732,São Gabriel do Oeste,A732,-19.420320,-54.553088,646 ,41,ESTAÇÃO METEOROLÓGICA AUTOMATICA DE S. GABRIEL DO OESTE/MS,647.00,19°25'S,54°33'W,SEMELHANTE,0.9
256,cpo-novo-dos-parecis,Campo Novo dos Parecis-A905,Campo Novo dos Parecis,A905,-13.785907,-57.838485,525 ,59,ESTAÇÃO METEOROLÓGICA AUTOMATICA DE CPº NOVO DOS PARECIS/MT,570.00,13°47'S,57°50'W,SEMELHANTE,0.9090909090909091
275,sto-antonio-do-leste,,,,,,,82,ESTAÇÃO METEOROLÓGICA AUTOMATICA DE STO ANTONIO DO LESTE/MT,648.00,14°55'S,53°53'W,?,0
279,sto-augusto,,,,,,,452,ESTAÇÃO METEOROLÓGICA AUTOMATICA DE STO. AUGUSTO/RS,550.00,27°51'S,53°47'W,?,0
280,s-luis-do-paraitinga,,,,,,,416,ESTAÇÃO METEOROLÓGICA AUTOMATICA DE S LUIS DO PARAITINGA/SP,874.00,23°13'S,45°25'W,?,0
281,s-j-do-rio-claro,São José do Rio Claro-A903,São José do Rio Claro,A903,-13.453981,-56.677323,340 ,57,ESTAÇÃO METEOROLÓGICA AUTOMATICA DE S.J.DO RIO CLARO/MT,350.00,13°27'S,56°39'W,SEMELHANTE,0.7619047619047619
282,sao-tome,,,,,,,383,ESTAÇÃO METEOROLÓGICA AUTOMATICA DE SÃO TOMÉ/RJ,8.00,22°02'S,41°03'W,?,0
286,vila-bela-da-s-trind,,,,,,,75,ESTAÇÃO METEOROLÓGICA AUTOMATICA DE VILA BELA DA S.TRIND/MT,222.00,15°03'S,59°52'W,?,0
289,morretos,,,,,,,511,ESTAÇÃO METEOROLÓGICA AUTOMATICA DE MORRETOS/PR,59.00,25°30'S,48°48'W,?,0
293,pico-do-couto,,,,,,,379,ESTAÇÃO METEOROLÓGICA AUTOMATICA DE PICO DO COUTO/RJ,1777.00,22°27'S,43°17'W,?,0
297,rio-claro,,,,,,,387,ESTAÇÃO METEOROLÓGICA AUTOMATICA DE RIO CLARO/RJ,516.00,22°65'S,44°04'W,?,0
308,s-luiz-gonzaga,,,,,,,474,ESTAÇÃO METEOROLÓGICA AUTOMATICA DE S. LUIZ GONZAGA/RS,245.11,28°25'S,54°57'W,?,0
319,jacarepagua,,,,,,,389,ESTAÇÃO METEOROLÓGICA AUTOMATICA DE JACAREPAGUA/RJ,19.00,22°59'S,43°22'W,?,0
334,pres-figueiredo,,,,,,,246,ESTAÇÃO METEOROLÓGICA AUTOMATICA DE PRES. FIGUEIREDO/AM,92.00,02°03'S,60°01'W,?,0
352,s-raimundo-nonato,São Raimundo Nonato-A345,São Raimundo Nonato,A345,-9.033211,-42.701112,383 ,205,ESTAÇÃO METEOROLÓGICA AUTOMATICA DE S. RAIMUNDO NONATO/PI,402.00,09°01'S,42°42'W,SEMELHANTE,0.8947368421052632
356,bom-jardim-da-serra,,,,,,,495,ESTAÇÃO METEOROLÓGICA AUTOMATICA DE BOM JARDIM DA SERRA/SC,1822.00,28°00'S,49°30'W,?,0
360,gen-carneiro,,,,,,,446,ESTAÇÃO METEOROLÓGICA AUTOMATICA DE Gen. CARNEIRO/PR,1018.00,26°23'S,51°21'W,?,0
365,lagoa-vermelha,,,,,,,473,ESTAÇÃO METEOROLÓGICA AUTOMATICA DE LAGOA VERMELHA/RS,842.00,28°13'S,51°30'W,?,0
372,mineiros,,,,,,,18,ESTAÇÃO METEOROLÓGICA AUTOMATICA DE MINEIROS/GO,706.00,17°34'S,52°35'W,?,0
373,mal-candido-rondon,Marechal Cândido Rondon-A820,Marechal Cândido Rondon,A820,-24.533303,-54.019248,392 ,427,ESTAÇÃO METEOROLÓGICA AUTOMATICA DE Mal. CANDIDO RONDON/PR,392.00,24°32'S,54°01'W,SEMELHANTE,0.782608695652174
382,s-j-dos-ausentes,,,,,,,462,ESTAÇÃO METEOROLÓGICA AUTOMATICA DE S. J. DOS AUSENTES/RS,1244.00,28°45'S,50°03'W,?,0
385,s-mig-arcanjo,,,,,,,401,ESTAÇÃO METEOROLÓGICA AUTOMATICA DE S. MIG. ARCANJO/SP,678.00,23°51'S,48°09'W,?,0
387,maues,,,,,,,242,ESTAÇÃO METEOROLÓGICA AUTOMATICA DE MAUÉS/AM,35.00,03°23'S,57°40'W,?,0
388,ponte-alta-gama,,,,,,,3,ESTAÇÃO METEOROLÓGICA AUTOMATICA DE PONTE ALTA (GAMA)/DF,990.00,15°93'S,48°13'W,?,0
391,arembepe,,,,,,,98,ESTAÇÃO METEOROLÓGICA AUTOMATICA DE AREMBEPE/BA,10.78,12°45'S,38°09'W,?,0
394,rio-urubu,,,,,,,245,ESTAÇÃO METEOROLÓGICA AUTOMATICA DE RIO URUBU/AM,59.00,02°25'S,59°33'W,?,0
395,goioere,,,,,,,432,ESTAÇÃO METEOROLÓGICA AUTOMATICA DE GOIOÊRE/PR,468.00,24°11'S,53°01'W,?,0
396,manicore,,,,,,,248,ESTAÇÃO METEOROLÓGICA AUTOMATICA DE MANICORÉ/AM,71.00,05°48'S,61°07'W,?,0
