id,name,lat,lon
59,ESTAÇÃO METEOROLÓGICA AUTOMATICA DE CPº NOVO DOS PARECIS/MT,-13.785907,-57.838485
38,ESTAÇÃO METEOROLÓGICA AUTOMATICA DE CORUMBÁ/MS,-18.996670,-57.637500
64,ESTAÇÃO METEOROLÓGICA AUTOMATICA DE APIACAS/MT,-9.563392,-57.393578
57,ESTAÇÃO METEOROLÓGICA AUTOMATICA DE S.J.DO RIO CLARO/MT,-13.453981,-56.677323
32,ESTAÇÃO METEOROLÓGICA AUTOMATICA DE NHUMIRIM/MS,-18.988681,-56.622868
50,ESTAÇÃO METEOROLÓGICA AUTOMATICA DE BELA VISTA/MS,-22.101536,-56.540763
36,ESTAÇÃO METEOROLÓGICA AUTOMATICA DE MIRANDA/MS,-20.395530,-56.431736
55,ESTAÇÃO METEOROLÓGICA AUTOMATICA DE CUIABÁ/MT,-15.559295,-56.062951
33,ESTAÇÃO METEOROLÓGICA AUTOMATICA DE AQUIDAUANA/MS,-20.475420,-55.784006
58,ESTAÇÃO METEOROLÓGICA AUTOMATICA DE SORRISO/MT,-12.555107,-55.722863
45,ESTAÇÃO METEOROLÓGICA AUTOMATICA DE AMAMBAI/MS,-23.002530,-55.329357
40,ESTAÇÃO METEOROLÓGICA AUTOMATICA DE MARACAJU/MS,-21.609036,-55.177531
65,ESTAÇÃO METEOROLÓGICA AUTOMATICA DE CAMPO VERDE/MT,-15.531431,-55.135649
46,ESTAÇÃO METEOROLÓGICA AUTOMATICA DE SETE QUEDAS/MS,-23.966893,-55.024227
35,ESTAÇÃO METEOROLÓGICA AUTOMATICA DE DOURADOS/MS,-22.193920,-54.911355
60,ESTAÇÃO METEOROLÓGICA AUTOMATICA DE GUARANTÃ DO NORTE/MT,-9.952594,-54.897834
54,ESTAÇÃO METEOROLÓGICA AUTOMATICA DE SONORA/MS,-17.635277,-54.760470
34,ESTAÇÃO METEOROLÓGICA AUTOMATICA DE COXIM/MS,-18.512146,-54.736116
44,ESTAÇÃO METEOROLÓGICA AUTOMATICA DE JUTI/MS,-22.857210,-54.605634
61,ESTAÇÃO METEOROLÓGICA AUTOMATICA DE RONDONÓPOLIS/MT,-16.462419,-54.580151
41,ESTAÇÃO METEOROLÓGICA AUTOMATICA DE S. GABRIEL DO OESTE/MS,-19.420320,-54.553088
47,ESTAÇÃO METEOROLÓGICA AUTOMATICA DE ITAQUIRAI/MS,-23.449501,-54.181858
30,ESTAÇÃO METEOROLÓGICA AUTOMATICA DE IVINHEMA/MS,-22.300421,-53.822895
63,ESTAÇÃO METEOROLÓGICA AUTOMATICA DE ALTO ARAGUAIA/MT,-17.339359,-53.224449
49,ESTAÇÃO METEOROLÓGICA AUTOMATICA DE ÁGUA CLARA/MS,-20.444440,-52.875830
39,ESTAÇÃO METEOROLÓGICA AUTOMATICA DE CHAPADÃO DO SUL/MS,-18.802187,-52.602620
52,ESTAÇÃO METEOROLÓGICA AUTOMATICA DE BATAGUASSU/MS,-21.750123,-52.471294
9,ESTAÇÃO METEOROLÓGICA AUTOMATICA DE ARAGARÇAS/GO,-15.902658,-52.245172
15,ESTAÇÃO METEOROLÓGICA AUTOMATICA DE CAIAPÔNIA/GO,-16.966841,-51.817567
42,ESTAÇÃO METEOROLÓGICA AUTOMATICA DE CASSILANDIA/MS,-19.122471,-51.720732
12,ESTAÇÃO METEOROLÓGICA AUTOMATICA DE JATAÍ/GO,-17.923622,-51.717467
31,ESTAÇÃO METEOROLÓGICA AUTOMATICA DE PARANAIBA/MS,-19.695517,-51.181769
20,ESTAÇÃO METEOROLÓGICA AUTOMATICA DE IPORA/GO,-16.423059,-51.148801
17,ESTAÇÃO METEOROLÓGICA AUTOMATICA DE RIO VERDE/GO,-17.785303,-50.964869
19,ESTAÇÃO METEOROLÓGICA AUTOMATICA DE PARAUNA/GO,-16.962536,-50.425450
10,ESTAÇÃO METEOROLÓGICA AUTOMATICA DE GOIÁS/GO,-15.939729,-50.141433
11,ESTAÇÃO METEOROLÓGICA AUTOMATICA DE ITAPACI/GO,-14.979792,-49.539977
4,ESTAÇÃO METEOROLÓGICA AUTOMATICA DE GOIANIA/GO,-16.642841,-49.220222
5,ESTAÇÃO METEOROLÓGICA AUTOMATICA DE MORRINHOS/GO,-17.745066,-49.101698
14,ESTAÇÃO METEOROLÓGICA AUTOMATICA DE GOIANESIA/GO,-15.220199,-48.990107
26,ESTAÇÃO METEOROLÓGICA AUTOMATICA DE SILVANIA/GO,-16.679786,-48.618171
6,ESTAÇÃO METEOROLÓGICA AUTOMATICA DE NIQUELANDIA/GO,-14.469358,-48.485756
3,ESTAÇÃO METEOROLÓGICA AUTOMATICA DE PONTE ALTA (GAMA)/DF,-15.935139,-48.137377
8,ESTAÇÃO METEOROLÓGICA AUTOMATICA DE LUZIANIA/GO,-16.260542,-47.966962
23,ESTAÇÃO METEOROLÓGICA AUTOMATICA DE CATALÃO/GO,-18.154779,-47.927614
1,ESTAÇÃO METEOROLÓGICA AUTOMATICA DE BRASILIA/DF,-15.789343,-47.925756
25,ESTAÇÃO METEOROLÓGICA AUTOMATICA DE CRISTALINA/GO,-16.784896,-47.612966
16,ESTAÇÃO METEOROLÓGICA AUTOMATICA DE ALTO PARAISO GOIAS/GO,-14.133074,-47.523258
21,ESTAÇÃO METEOROLÓGICA AUTOMATICA DE MONTE ALEGRE GOIAS/GO,-13.253521,-46.890326
18,ESTAÇÃO METEOROLÓGICA AUTOMATICA DE MINEIROS/GO,0.000000,0.000000
66,ESTAÇÃO METEOROLÓGICA AUTOMATICA DE COMODORO/MT,-13.708046,-59.762385
88,ESTAÇÃO METEOROLÓGICA AUTOMATICA DE PONTES E LACERDA/MT,-15.234582,-59.346215
73,ESTAÇÃO METEOROLÓGICA AUTOMATICA DE JUÍNA/MT,-11.375126,-58.774785
78,ESTAÇÃO METEOROLÓGICA AUTOMATICA DE NOVO MUNDO/MT,-12.521901,-58.231401
87,ESTAÇÃO METEOROLÓGICA AUTOMATICA DE SALTO DO CEU/MT,-15.124811,-58.127092
89,ESTAÇÃO METEOROLÓGICA AUTOMATICA DE CACERES/MT,-16.074740,-57.693047
86,ESTAÇÃO METEOROLÓGICA AUTOMATICA DE PORTO ESTRELA/MT,-15.324728,-57.225845
79,ESTAÇÃO METEOROLÓGICA AUTOMATICA DE NOVA MARINGA/MT,-13.038642,-57.092201
76,ESTAÇÃO METEOROLÓGICA AUTOMATICA DE ALTA FLORESTA/MT,-10.077262,-56.179221
70,ESTAÇÃO METEOROLÓGICA AUTOMATICA DE SINOP/MT,-11.982245,-55.565993
80,ESTAÇÃO METEOROLÓGICA AUTOMATICA DE NOVA UBIRATÃ/MT,-13.411105,-54.752144
84,ESTAÇÃO METEOROLÓGICA AUTOMATICA DE ITIQUIRA/MT,-17.175051,-54.501690
68,ESTAÇÃO METEOROLÓGICA AUTOMATICA DE PARANATINGA/MT,-14.421492,-54.036055
83,ESTAÇÃO METEOROLÓGICA AUTOMATICA DE GUIRATINGA/MT,-16.341587,-53.766089
85,ESTAÇÃO METEOROLÓGICA AUTOMATICA DE ALTO TAQUARI/MT,-17.841011,-53.289474
81,ESTAÇÃO METEOROLÓGICA AUTOMATICA DE GAUCHA DO NORTE/MT,-13.184857,-53.257366
71,ESTAÇÃO METEOROLÓGICA AUTOMATICA DE CONFRESA/MT,-10.639518,-51.571456
74,ESTAÇÃO METEOROLÓGICA AUTOMATICA DE S.FELIX DO ARAGUAIA/MT,-11.619023,-50.727856
99,ESTAÇÃO METEOROLÓGICA AUTOMATICA DE L. E. MAGALHAES/BA,-12.152394,-45.829745
97,ESTAÇÃO METEOROLÓGICA AUTOMATICA DE BARREIRAS/BA,-12.124715,-45.027049
109,ESTAÇÃO METEOROLÓGICA AUTOMATICA DE STA RITA DE CASSIA/BA,-11.002768,-44.524965
122,ESTAÇÃO METEOROLÓGICA AUTOMATICA DE BURITIRAMA/BA,-10.722925,-43.651203
111,ESTAÇÃO METEOROLÓGICA AUTOMATICA DE BOM JESUS DA LAPA/BA,-13.251094,-43.405365
119,ESTAÇÃO METEOROLÓGICA AUTOMATICA DE BARRA/BA,-11.084858,-43.138998
116,ESTAÇÃO METEOROLÓGICA AUTOMATICA DE GUANAMBI/BA,-14.208124,-42.749647
113,ESTAÇÃO METEOROLÓGICA AUTOMATICA DE REMANSO/BA,-9.625693,-42.077214
114,ESTAÇÃO METEOROLÓGICA AUTOMATICA DE IRECÊ/BA,-11.328998,-41.864504
123,ESTAÇÃO METEOROLÓGICA AUTOMATICA DE BRUMADO/BA,-14.181886,-41.672281
115,ESTAÇÃO METEOROLÓGICA AUTOMATICA DE LENÇOIS/BA,-12.557854,-41.388808
108,ESTAÇÃO METEOROLÓGICA AUTOMATICA DE VITORIA DA CONQUISTA/BA,-14.886428,-40.801330
130,ESTAÇÃO METEOROLÓGICA AUTOMATICA DE JACOBINA/BA,-11.205136,-40.464979
103,ESTAÇÃO METEOROLÓGICA AUTOMATICA DE ITABERABA/BA,-12.524062,-40.299714
118,ESTAÇÃO METEOROLÓGICA AUTOMATICA DE SENHOR DO BONFIM/BA,-10.443072,-40.148244
102,ESTAÇÃO METEOROLÓGICA AUTOMATICA DE ITIRUÇÚ/BA,-13.527828,-40.119752
124,ESTAÇÃO METEOROLÓGICA AUTOMATICA DE AMARGOSA/BA,-13.009468,-39.616881
125,ESTAÇÃO METEOROLÓGICA AUTOMATICA DE UAUÁ/BA,-9.833617,-39.495631
100,ESTAÇÃO METEOROLÓGICA AUTOMATICA DE CARAVELAS/BA,-17.739413,-39.258617
117,ESTAÇÃO METEOROLÓGICA AUTOMATICA DE PORTO SEGURO/BA,-16.388977,-39.182389
127,ESTAÇÃO METEOROLÓGICA AUTOMATICA DE UNA/BA,-15.280215,-39.091270
101,ESTAÇÃO METEOROLÓGICA AUTOMATICA DE CRUZ DAS ALMAS/BA,-12.675422,-39.089580
128,ESTAÇÃO METEOROLÓGICA AUTOMATICA DE MARAU/BA,-13.906940,-38.972220
112,ESTAÇÃO METEOROLÓGICA AUTOMATICA DE ABROLHOS/BA,-17.963016,-38.703288
96,ESTAÇÃO METEOROLÓGICA AUTOMATICA DE SALVADOR/BA,-13.005515,-38.505760
105,ESTAÇÃO METEOROLÓGICA AUTOMATICA DE PAULO AFONSO/BA,-9.378106,-38.226771
121,ESTAÇÃO METEOROLÓGICA AUTOMATICA DE CONDE/BA,-12.035833,-37.683889
92,ESTAÇÃO METEOROLÓGICA AUTOMATICA DE PALMEIRA DOS INDIOS/AL,-9.420334,-36.620371
93,ESTAÇÃO METEOROLÓGICA AUTOMATICA DE ARAPIRACA/AL,-9.804551,-36.619198
94,ESTAÇÃO METEOROLÓGICA AUTOMATICA DE CORURIPE/AL,-10.128482,-36.286348
90,ESTAÇÃO METEOROLÓGICA AUTOMATICA DE MACEIÓ/AL,-9.551168,-35.770195
98,ESTAÇÃO METEOROLÓGICA AUTOMATICA DE AREMBEPE/BA,0.000000,0.000000
170,ESTAÇÃO METEOROLÓGICA AUTOMATICA DE ESTREITO/MA,-6.653272,-47.418241
173,ESTAÇÃO METEOROLÓGICA AUTOMATICA DE BURITICUPÚ/MA,-4.320597,-46.449503
162,ESTAÇÃO METEOROLÓGICA AUTOMATICA DE GRAJAÚ/MA,-5.816085,-46.162200
159,ESTAÇÃO METEOROLÓGICA AUTOMATICA DE BALSAS/MA,-7.455609,-46.027546
165,ESTAÇÃO METEOROLÓGICA AUTOMATICA DE TURIAÇU/MA,-1.661224,-45.372571
167,ESTAÇÃO METEOROLÓGICA AUTOMATICA DE BARRA DO CORDA/MA,-5.506782,-45.237053
141,ESTAÇÃO METEOROLÓGICA AUTOMATICA DE FORMOSO DO RIO PRETO/BA,-11.052164,-45.200769
168,ESTAÇÃO METEOROLÓGICA AUTOMATICA DE COLINAS/MA,-6.033167,-44.233402
158,ESTAÇÃO METEOROLÓGICA AUTOMATICA DE SÃO LUIZ/MA,-2.526771,-44.213577
163,ESTAÇÃO METEOROLÓGICA AUTOMATICA DE SANTANA/MA,-2.270811,-43.624043
161,ESTAÇÃO METEOROLÓGICA AUTOMATICA DE CHAPADINHA/MA,-3.742674,-43.352084
195,ESTAÇÃO METEOROLÓGICA AUTOMATICA DE FLORIANO/PI,-6.761438,-43.003396
196,ESTAÇÃO METEOROLÓGICA AUTOMATICA DE TERESINA/PI,-5.034769,-42.801341
164,ESTAÇÃO METEOROLÓGICA AUTOMATICA DE PREGUIÇAS/MA,-2.592341,-42.707553
139,ESTAÇÃO METEOROLÓGICA AUTOMATICA DE PILÃO ARCADO/BA,-10.002261,-42.473641
194,ESTAÇÃO METEOROLÓGICA AUTOMATICA DE PARNAÍBA/PI,-3.086656,-41.783139
133,ESTAÇÃO METEOROLÓGICA AUTOMATICA DE DELFINO/BA,-10.454920,-41.206996
153,ESTAÇÃO METEOROLÓGICA AUTOMATICA DE CRATEUS/CE,-5.186636,-40.672128
154,ESTAÇÃO METEOROLÓGICA AUTOMATICA DE CAMPOS SALES/CE,-7.077730,-40.362678
145,ESTAÇÃO METEOROLÓGICA AUTOMATICA DE SOBRAL/CE,-3.748177,-40.345720
149,ESTAÇÃO METEOROLÓGICA AUTOMATICA DE TAUÁ/CE,-6.017474,-40.281321
193,ESTAÇÃO METEOROLÓGICA AUTOMATICA DE OURICURI/PE,-7.885833,-40.102683
157,ESTAÇÃO METEOROLÓGICA AUTOMATICA DE ACARAÚ/CE,-3.121067,-40.087288
138,ESTAÇÃO METEOROLÓGICA AUTOMATICA DE CURACA/BA,-9.001300,-39.912400
135,ESTAÇÃO METEOROLÓGICA AUTOMATICA DE IPIAU/BA,-14.171304,-39.692502
143,ESTAÇÃO METEOROLÓGICA AUTOMATICA DE ITAMARAJU/BA,-17.436667,-39.550861
187,ESTAÇÃO METEOROLÓGICA AUTOMATICA DE CABROBÓ/PE,-8.504000,-39.315280
150,ESTAÇÃO METEOROLÓGICA AUTOMATICA DE QUIXERAMOBIM/CE,-5.174568,-39.289393
147,ESTAÇÃO METEOROLÓGICA AUTOMATICA DE BARBALHA/CE,-7.300925,-39.271107
137,ESTAÇÃO METEOROLÓGICA AUTOMATICA DE BELMONTE/BA,-16.088049,-39.215389
134,ESTAÇÃO METEOROLÓGICA AUTOMATICA DE VALENÇA/BA,-13.343610,-39.126670
131,ESTAÇÃO METEOROLÓGICA AUTOMATICA DE SERRINHA/BA,-11.664586,-39.022946
132,ESTAÇÃO METEOROLÓGICA AUTOMATICA DE EUCLIDES DA CUNHA/BA,-10.537233,-38.996605
155,ESTAÇÃO METEOROLÓGICA AUTOMATICA DE JAGUARIBE/CE,-5.905589,-38.627792
191,ESTAÇÃO METEOROLÓGICA AUTOMATICA DE FLORESTA/PE,-8.598785,-38.584062
144,ESTAÇÃO METEOROLÓGICA AUTOMATICA DE FORTALEZA/CE,-3.815701,-38.537792
140,ESTAÇÃO METEOROLÓGICA AUTOMATICA DE JEREMOABO/BA,-10.080700,-38.345900
178,ESTAÇÃO METEOROLÓGICA AUTOMATICA DE SÃO GONÇALO/PB,-6.835777,-38.311583
190,ESTAÇÃO METEOROLÓGICA AUTOMATICA DE SERRA TALHADA/PE,-7.954277,-38.295082
152,ESTAÇÃO METEOROLÓGICA AUTOMATICA DE JAGUARUANA/CE,-4.853511,-37.777189
177,ESTAÇÃO METEOROLÓGICA AUTOMATICA DE PATOS/PB,-7.079836,-37.272817
179,ESTAÇÃO METEOROLÓGICA AUTOMATICA DE MONTEIRO/PB,-7.894465,-37.124704
184,ESTAÇÃO METEOROLÓGICA AUTOMATICA DE ARCO VERDE/PE,-8.433544,-37.055477
185,ESTAÇÃO METEOROLÓGICA AUTOMATICA DE GARANHUNS/PE,-8.910950,-36.493381
188,ESTAÇÃO METEOROLÓGICA AUTOMATICA DE CARUARU/PE,-8.236069,-35.985550
175,ESTAÇÃO METEOROLÓGICA AUTOMATICA DE CAMPINA GRANDE/PB,-7.225574,-35.904831
186,ESTAÇÃO METEOROLÓGICA AUTOMATICA DE SURUBIM/PE,-7.839628,-35.801056
174,ESTAÇÃO METEOROLÓGICA AUTOMATICA DE AREIA/PB,-6.975451,-35.718128
181,ESTAÇÃO METEOROLÓGICA AUTOMATICA DE CAMARATUBA/PB,-6.561813,-35.135316
182,ESTAÇÃO METEOROLÓGICA AUTOMATICA DE RECIFE/PE,-8.059280,-34.959239
176,ESTAÇÃO METEOROLÓGICA AUTOMATICA DE JOÃO PESSOA/PB,-7.165409,-34.815627
228,ESTAÇÃO METEOROLÓGICA AUTOMATICA DE PORTO WALTER/AC,-8.267197,-72.747838
227,ESTAÇÃO METEOROLÓGICA AUTOMATICA DE CRUZEIRO DO SUL/AC,-7.610773,-72.681333
230,ESTAÇÃO METEOROLÓGICA AUTOMATICA DE FEIJO/AC,-8.142654,-70.343594
233,ESTAÇÃO METEOROLÓGICA AUTOMATICA DE EIRUNEPÉ/AM,-6.650301,-69.868610
231,ESTAÇÃO METEOROLÓGICA AUTOMATICA DE EPITACIOLANDIA/AC,-11.023752,-68.735180
226,ESTAÇÃO METEOROLÓGICA AUTOMATICA DE RIO BRANCO/AC,-9.957844,-68.165169
249,ESTAÇÃO METEOROLÓGICA AUTOMATICA DE S. G. DA CACHOEIRA/AM,-0.125207,-67.061246
235,ESTAÇÃO METEOROLÓGICA AUTOMATICA DE LABREA/AM,-7.260681,-64.788501
238,ESTAÇÃO METEOROLÓGICA AUTOMATICA DE COARI/AM,-4.097483,-63.145322
236,ESTAÇÃO METEOROLÓGICA AUTOMATICA DE HUMAITA/AM,-7.552520,-63.071343
248,ESTAÇÃO METEOROLÓGICA AUTOMATICA DE MANICORÉ/AM,-5.788533,-61.288276
239,ESTAÇÃO METEOROLÓGICA AUTOMATICA DE MANACAPURU/AM,-3.294638,-60.628402
246,ESTAÇÃO METEOROLÓGICA AUTOMATICA DE PRES. FIGUEIREDO/AM,-2.056558,-60.025756
232,ESTAÇÃO METEOROLÓGICA AUTOMATICA DE MANAUS/AM,-3.103682,-60.015461
245,ESTAÇÃO METEOROLÓGICA AUTOMATICA DE RIO URUBU/AM,-2.633654,-59.600582
240,ESTAÇÃO METEOROLÓGICA AUTOMATICA DE AUTAZES/AM,-3.583333,-59.129440
241,ESTAÇÃO METEOROLÓGICA AUTOMATICA DE ITACOATIARA/AM,-3.133333,-58.482780
242,ESTAÇÃO METEOROLÓGICA AUTOMATICA DE MAUÉS/AM,-3.399010,-57.673772
243,ESTAÇÃO METEOROLÓGICA AUTOMATICA DE PARINTINS/AM,-2.639152,-56.756177
258,ESTAÇÃO METEOROLÓGICA AUTOMATICA DE PLACAS/PA,-3.864040,-54.216416
250,ESTAÇÃO METEOROLÓGICA AUTOMATICA DE OIAPOQUE/AP,3.813583,-51.862500
253,ESTAÇÃO METEOROLÓGICA AUTOMATICA DE MACAPA/AP,0.035020,-51.088763
251,ESTAÇÃO METEOROLÓGICA AUTOMATICA DE TARTARUGALZINHO/AP,1.496667,-50.916700
257,ESTAÇÃO METEOROLÓGICA AUTOMATICA DE PACAJÁ/PA,-3.843701,-50.638098
260,ESTAÇÃO METEOROLÓGICA AUTOMATICA DE TOMÉ AÇU/PA,-2.592606,-48.360585
261,ESTAÇÃO METEOROLÓGICA AUTOMATICA DE RONDON DO PARÁ/PA,-4.827501,-48.173556
255,ESTAÇÃO METEOROLÓGICA AUTOMATICA DE CASTANHAL/PA,-1.300875,-47.947967
211,ESTAÇÃO METEOROLÓGICA AUTOMATICA DE GILBUÉS/PI,-9.875196,-45.345805
206,ESTAÇÃO METEOROLÓGICA AUTOMATICA DE URUÇUI/PI,-7.441420,-44.345055
197,ESTAÇÃO METEOROLÓGICA AUTOMATICA DE BOM JESUS DO PIAUI/PI,-9.083251,-44.326470
201,ESTAÇÃO METEOROLÓGICA AUTOMATICA DE ALVORADA DO GURGUÉIA/PI,-8.441598,-43.865443
212,ESTAÇÃO METEOROLÓGICA AUTOMATICA DE CANTO DO BURITI/PI,-8.117939,-42.975721
209,ESTAÇÃO METEOROLÓGICA AUTOMATICA DE SÃO PEDRO DO PIAUÍ/PI,-5.911033,-42.718729
205,ESTAÇÃO METEOROLÓGICA AUTOMATICA DE S. RAIMUNDO NONATO/PI,-9.033211,-42.701112
203,ESTAÇÃO METEOROLÓGICA AUTOMATICA DE ESPERANTINA/PI,-3.899365,-42.259483
207,ESTAÇÃO METEOROLÓGICA AUTOMATICA DE OEIRAS/PI,-6.974135,-42.146831
200,ESTAÇÃO METEOROLÓGICA AUTOMATICA DE PIRIPIRI/PI,-4.276047,-41.794568
210,ESTAÇÃO METEOROLÓGICA AUTOMATICA DE VALENÇA DO PIAUÍ/PI,-6.399274,-41.739953
204,ESTAÇÃO METEOROLÓGICA AUTOMATICA DE PICOS/PI,-7.071016,-41.404042
198,ESTAÇÃO METEOROLÓGICA AUTOMATICA DE PAULISTANA/PI,-8.132288,-41.142945
222,ESTAÇÃO METEOROLÓGICA AUTOMATICA DE POÇO VERDE/SE,-10.738020,-38.108389
217,ESTAÇÃO METEOROLÓGICA AUTOMATICA DE APODI/RN,-5.626559,-37.814991
223,ESTAÇÃO METEOROLÓGICA AUTOMATICA DE CARIRA/SE,-10.399719,-37.747503
216,ESTAÇÃO METEOROLÓGICA AUTOMATICA DE MOSSORÓ/RN,-4.904087,-37.366943
214,ESTAÇÃO METEOROLÓGICA AUTOMATICA DE CAICÓ/RN,-6.467474,-37.084931
220,ESTAÇÃO METEOROLÓGICA AUTOMATICA DE ARACAJÚ/SE,-10.952413,-37.054330
224,ESTAÇÃO METEOROLÓGICA AUTOMATICA DE BREJO GRANDE/SE,-10.473959,-36.482051
219,ESTAÇÃO METEOROLÓGICA AUTOMATICA DE SANTA CRUZ/RN,-6.227922,-36.026587
218,ESTAÇÃO METEOROLÓGICA AUTOMATICA DE CALCANHAR/RN,-5.159925,-35.487616
252,ESTAÇÃO METEOROLÓGICA AUTOMATICA DE PORTO GRANDE/AP,0.000000,0.000000
282,ESTAÇÃO METEOROLÓGICA AUTOMATICA DE CACOAL/RO,-11.445837,-61.434146
284,ESTAÇÃO METEOROLÓGICA AUTOMATICA DE BOA VISTA/RR,2.816897,-60.690821
281,ESTAÇÃO METEOROLÓGICA AUTOMATICA DE VILHENA/RO,-12.734862,-60.157784
267,ESTAÇÃO METEOROLÓGICA AUTOMATICA DE ITAITUBA/PA,-4.276978,-55.993087
268,ESTAÇÃO METEOROLÓGICA AUTOMATICA DE ÓBIDOS/PA,-1.880789,-55.519856
279,ESTAÇÃO METEOROLÓGICA AUTOMATICA DE SANTARÉM/PA,-2.502572,-54.720279
273,ESTAÇÃO METEOROLÓGICA AUTOMATICA DE MONTE ALEGRE/PA,-2.000054,-54.076479
269,ESTAÇÃO METEOROLÓGICA AUTOMATICA DE SANTANA DO ARAGUAIA/PA,-9.338611,-50.350280
266,ESTAÇÃO METEOROLÓGICA AUTOMATICA DE SERRA DOS CARAJÁS/PA,-6.077427,-50.142265
271,ESTAÇÃO METEOROLÓGICA AUTOMATICA DE NOVO REPARTIMENTO/PA,-4.243989,-49.939308
294,ESTAÇÃO METEOROLÓGICA AUTOMATICA DE MARIANOPOLID DO TO/TO,-9.576389,-49.723330
265,ESTAÇÃO METEOROLÓGICA AUTOMATICA DE TUCURUÍ/PA,-3.822760,-49.674956
299,ESTAÇÃO METEOROLÓGICA AUTOMATICA DE PIUM/TO,-10.476944,-49.629475
292,ESTAÇÃO METEOROLÓGICA AUTOMATICA DE FORMOSO DO ARAGUAIA/TO,-11.887377,-49.608215
320,ESTAÇÃO METEOROLÓGICA AUTOMATICA DE ITUIUTABA/MG,-18.952907,-49.525072
327,ESTAÇÃO METEOROLÓGICA AUTOMATICA DE CAMPINA VERDE/MG,-19.539210,-49.518133
272,ESTAÇÃO METEOROLÓGICA AUTOMATICA DE CAMETÁ/PA,-2.239653,-49.499827
275,ESTAÇÃO METEOROLÓGICA AUTOMATICA DE C. DO ARAGUAIA/PA,-8.303610,-49.282770
288,ESTAÇÃO METEOROLÓGICA AUTOMATICA DE GURUPI/TO,-11.745782,-49.049703
297,ESTAÇÃO METEOROLÓGICA AUTOMATICA DE SANTA FE DO ARAGUAIA/TO,-7.124191,-48.781267
287,ESTAÇÃO METEOROLÓGICA AUTOMATICA DE PEIXE/TO,-12.015377,-48.544517
285,ESTAÇÃO METEOROLÓGICA AUTOMATICA DE PALMAS/TO,-10.190744,-48.301811
315,ESTAÇÃO METEOROLÓGICA AUTOMATICA DE UBERLÂNDIA/MG,-18.917072,-48.255657
290,ESTAÇÃO METEOROLÓGICA AUTOMATICA DE ARAGUAÍNA/TO,-7.103954,-48.201231
289,ESTAÇÃO METEOROLÓGICA AUTOMATICA DE PEDRO AFONSO/TO,-8.968677,-48.177259
296,ESTAÇÃO METEOROLÓGICA AUTOMATICA DE ARAGUATINS/TO,-5.643725,-48.111839
286,ESTAÇÃO METEOROLÓGICA AUTOMATICA DE PARANÃ/TO,-12.614893,-47.871917
262,ESTAÇÃO METEOROLÓGICA AUTOMATICA DE SALINÓPOLIS/PA,-0.618884,-47.356596
298,ESTAÇÃO METEOROLÓGICA AUTOMATICA DE RIO SONO/TO,-9.793363,-47.132732
278,ESTAÇÃO METEOROLÓGICA AUTOMATICA DE CAPITAO POÇO/PA,-1.734766,-47.057500
313,ESTAÇÃO METEOROLÓGICA AUTOMATICA DE ARAXÁ/MG,-19.605696,-46.949617
263,ESTAÇÃO METEOROLÓGICA AUTOMATICA DE BRAGANÇA/PA,-1.047258,-46.785790
295,ESTAÇÃO METEOROLÓGICA AUTOMATICA DE CAMPOS LINDOS/TO,-8.154665,-46.639323
324,ESTAÇÃO METEOROLÓGICA AUTOMATICA DE PASSOS/MG,-20.745237,-46.633916
293,ESTAÇÃO METEOROLÓGICA AUTOMATICA DE MATEIROS/TO,-10.434441,-45.921941
323,ESTAÇÃO METEOROLÓGICA AUTOMATICA DE VARGINHA/MG,-21.566513,-45.404300
322,ESTAÇÃO METEOROLÓGICA AUTOMATICA DE S.J.DEL REI/MG,-21.106502,-44.250928
314,ESTAÇÃO METEOROLÓGICA AUTOMATICA DE MONTES CLAROS/MG,-16.686316,-43.843763
321,ESTAÇÃO METEOROLÓGICA AUTOMATICA DE OURO BRANCO/MG,-20.556592,-43.756220
326,ESTAÇÃO METEOROLÓGICA AUTOMATICA DE JUÍZ DE FORA/MG,-21.769965,-43.364329
318,ESTAÇÃO METEOROLÓGICA AUTOMATICA DE VIÇOSA/MG,-20.762607,-42.864013
319,ESTAÇÃO METEOROLÓGICA AUTOMATICA DE TIMÓTEO/MG,-19.573824,-42.622413
308,ESTAÇÃO METEOROLÓGICA AUTOMATICA DE ALEGRE/ES,-20.750412,-41.488852
311,ESTAÇÃO METEOROLÓGICA AUTOMATICA DE AFONSO CLAUDIO/ES,-20.104194,-41.106861
309,ESTAÇÃO METEOROLÓGICA AUTOMATICA DE PRES. KENNEDY/ES,-21.100805,-41.039395
316,ESTAÇÃO METEOROLÓGICA AUTOMATICA DE ALMENARA/MG,-16.166773,-40.687756
304,ESTAÇÃO METEOROLÓGICA AUTOMATICA DE SANTA TERESA/ES,-19.988388,-40.579572
310,ESTAÇÃO METEOROLÓGICA AUTOMATICA DE NOVA VENECIA/ES,-18.695265,-40.390572
303,ESTAÇÃO METEOROLÓGICA AUTOMATICA DE VITÓRIA/ES,-20.271094,-40.306069
307,ESTAÇÃO METEOROLÓGICA AUTOMATICA DE SÃO MATEUS/ES,-18.676198,-39.864051
333,ESTAÇÃO METEOROLÓGICA AUTOMATICA DE SACRAMENTO/MG,-19.875271,-47.434102
354,ESTAÇÃO METEOROLÓGICA AUTOMATICA DE GUARDA-MOR/MG,-17.561349,-47.199251
368,ESTAÇÃO METEOROLÓGICA AUTOMATICA DE SÃO SEBASTIAO DO PARAÍSO/MG,-20.909892,-47.114259
331,ESTAÇÃO METEOROLÓGICA AUTOMATICA DE PATROCÍNIO/MG,-18.996684,-46.985935
392,ESTAÇÃO METEOROLÓGICA AUTOMATICA DE SAO PAULO/SP,-23.496294,-46.620088
352,ESTAÇÃO METEOROLÓGICA AUTOMATICA DE BURITIS/MG,-15.524262,-46.435536
338,ESTAÇÃO METEOROLÓGICA AUTOMATICA DE CALDAS/MG,-21.918066,-46.382996
356,ESTAÇÃO METEOROLÓGICA AUTOMATICA DE CHAPADA GAÚCHA/MG,-15.300159,-45.617431
344,ESTAÇÃO METEOROLÓGICA AUTOMATICA DE DORES DO INDAIÁ/MG,-19.481935,-45.593932
336,ESTAÇÃO METEOROLÓGICA AUTOMATICA DE TRÊS MARIAS/MG,-18.200855,-45.459836
332,ESTAÇÃO METEOROLÓGICA AUTOMATICA DE FORMIGA/MG,-20.454930,-45.453825
355,ESTAÇÃO METEOROLÓGICA AUTOMATICA DE SÃO ROMÃO/MG,-16.362747,-45.123801
367,ESTAÇÃO METEOROLÓGICA AUTOMATICA DE POMPEU/MG,-19.239555,-45.008187
337,ESTAÇÃO METEOROLÓGICA AUTOMATICA DE PASSA QUATRO/MG,-22.395799,-44.961909
353,ESTAÇÃO METEOROLÓGICA AUTOMATICA DE PIRAPORA/MG,-17.258064,-44.835600
346,ESTAÇÃO METEOROLÓGICA AUTOMATICA DE CURVELO/MG,-18.747711,-44.453785
378,ESTAÇÃO METEOROLÓGICA AUTOMATICA DE RESENDE/RJ,-22.450924,-44.444786
343,ESTAÇÃO METEOROLÓGICA AUTOMATICA DE FLORESTAL/MG,-19.885398,-44.416883
366,ESTAÇÃO METEOROLÓGICA AUTOMATICA DE JANUARIA/MG,-15.448089,-44.366313
369,ESTAÇÃO METEOROLÓGICA AUTOMATICA DE SETE LAGOAS/MG,-19.455288,-44.173380
347,ESTAÇÃO METEOROLÓGICA AUTOMATICA DE MOCAMBINHO/MG,-15.085958,-44.016036
329,ESTAÇÃO METEOROLÓGICA AUTOMATICA DE BELO HOR. (PAMPULHA)/MG,-19.883945,-43.969397
370,ESTAÇÃO METEOROLÓGICA AUTOMATICA DE BELO HORIZONTE - CERCADINHO/MG,-19.980034,-43.958651
380,ESTAÇÃO METEOROLÓGICA AUTOMATICA DE VALENÇA/RJ,-22.358094,-43.695656
371,ESTAÇÃO METEOROLÓGICA AUTOMATICA DE ECOLOGIA AGRÍCOLA/RJ,-22.757868,-43.684843
372,ESTAÇÃO METEOROLÓGICA AUTOMATICA DE MARAMBAIA/RJ,-23.050334,-43.595685
384,ESTAÇÃO METEOROLÓGICA AUTOMATICA DE VILA MILITAR/RJ,-22.861322,-43.411410
389,ESTAÇÃO METEOROLÓGICA AUTOMATICA DE JACAREPAGUA/RJ,-22.939883,-43.402897
379,ESTAÇÃO METEOROLÓGICA AUTOMATICA DE PICO DO COUTO/RJ,-22.464889,-43.291505
365,ESTAÇÃO METEOROLÓGICA AUTOMATICA DE CORONEL PACHECO/MG,-21.546728,-43.261029
386,ESTAÇÃO METEOROLÓGICA AUTOMATICA DE TRÊS RIOS /RJ,-22.098391,-43.208574
388,ESTAÇÃO METEOROLÓGICA AUTOMATICA DE FORTE DE COPACABANA/RJ,-22.988286,-43.190436
341,ESTAÇÃO METEOROLÓGICA AUTOMATICA DE GUANHÃES/MG,-18.786842,-42.942921
351,ESTAÇÃO METEOROLÓGICA AUTOMATICA DE ESPINOSA/MG,-14.912284,-42.808473
385,ESTAÇÃO METEOROLÓGICA AUTOMATICA DE NOVA FRIBURGO/RJ,-22.334839,-42.676932
391,ESTAÇÃO METEOROLÓGICA AUTOMATICA DE SAQUAREMA/RJ,-22.871321,-42.609219
390,ESTAÇÃO METEOROLÓGICA AUTOMATICA DE SILVA JARDIM/RJ,-22.645911,-42.415775
349,ESTAÇÃO METEOROLÓGICA AUTOMATICA DE CAPELINHA/MG,-17.705504,-42.389256
360,ESTAÇÃO METEOROLÓGICA AUTOMATICA DE SALINAS/MG,-16.160327,-42.310266
362,ESTAÇÃO METEOROLÓGICA AUTOMATICA DE CARATINGA/MG,-19.735757,-42.137146
375,ESTAÇÃO METEOROLÓGICA AUTOMATICA DE ARRAIAL DO CABO/RJ,-22.975468,-42.021450
340,ESTAÇÃO METEOROLÓGICA AUTOMATICA DE GOVERNADOR VALADARES/MG,-18.830354,-41.977007
374,ESTAÇÃO METEOROLÓGICA AUTOMATICA DE CAMBUCÍ/RJ,-21.587729,-41.958327
335,ESTAÇÃO METEOROLÓGICA AUTOMATICA DE TEÓFILO OTONI/MG,-17.892840,-41.515423
358,ESTAÇÃO METEOROLÓGICA AUTOMATICA DE ITAOBIM/MG,-16.575667,-41.485588
357,ESTAÇÃO METEOROLÓGICA AUTOMATICA DE ÁGUAS VERMELHAS/MG,-15.751536,-41.457787
342,ESTAÇÃO METEOROLÓGICA AUTOMATICA DE AIMORES/MG,-19.532768,-41.090801
376,ESTAÇÃO METEOROLÓGICA AUTOMATICA DE CAMPOS/RJ,-22.041647,-41.051871
348,ESTAÇÃO METEOROLÓGICA AUTOMATICA DE MANTENA/MG,-18.780620,-40.986505
330,ESTAÇÃO METEOROLÓGICA AUTOMATICA DE SERRA DOS AIMORES/MG,-17.798799,-40.249933
451,ESTAÇÃO METEOROLÓGICA AUTOMATICA DE SANT. DO LIVRAMENTO/RS,-30.842449,-55.613089
436,ESTAÇÃO METEOROLÓGICA AUTOMATICA DE FOZ DO IGUAÇU/PR,-25.601834,-54.483065
427,ESTAÇÃO METEOROLÓGICA AUTOMATICA DE Mal. CANDIDO RONDON/PR,-24.533303,-54.019248
452,ESTAÇÃO METEOROLÓGICA AUTOMATICA DE STO. AUGUSTO/RS,-27.854345,-53.791179
440,ESTAÇÃO METEOROLÓGICA AUTOMATICA DE PLANALTO/PR,-25.721863,-53.747920
431,ESTAÇÃO METEOROLÓGICA AUTOMATICA DE ICARAÍMA/PR,-23.390380,-53.635933
457,ESTAÇÃO METEOROLÓGICA AUTOMATICA DE CAÇAPAVA DO SUL/RS,-30.545317,-53.467050
435,ESTAÇÃO METEOROLÓGICA AUTOMATICA DE DOIS VIZINHOS/PR,-25.699063,-53.095273
441,ESTAÇÃO METEOROLÓGICA AUTOMATICA DE CIDADE GAÚCHA/PR,-23.359156,-52.931912
456,ESTAÇÃO METEOROLÓGICA AUTOMATICA DE CANGUÇU/RS,-31.403299,-52.700699
447,ESTAÇÃO METEOROLÓGICA AUTOMATICA DE CLEVELANDIA/PR,-26.417200,-52.348741
449,ESTAÇÃO METEOROLÓGICA AUTOMATICA DE RIO GRANDE/RS,-32.078780,-52.167738
439,ESTAÇÃO METEOROLÓGICA AUTOMATICA DE PARANAPOEMA/PR,-22.658273,-52.134526
433,ESTAÇÃO METEOROLÓGICA AUTOMATICA DE MARINGA/PR,-23.405357,-51.932828
395,ESTAÇÃO METEOROLÓGICA AUTOMATICA DE PRESIDENTE PRUDENTE/SP,-22.119867,-51.408637
446,ESTAÇÃO METEOROLÓGICA AUTOMATICA DE Gen. CARNEIRO/PR,-26.398473,-51.353670
430,ESTAÇÃO METEOROLÓGICA AUTOMATICA DE INÁCIO MARTINS/PR,-25.567879,-51.077946
403,ESTAÇÃO METEOROLÓGICA AUTOMATICA DE RANCHARIA/SP,-22.372832,-50.974710
410,ESTAÇÃO METEOROLÓGICA AUTOMATICA DE VALPARAISO/SP,-21.319138,-50.930158
425,ESTAÇÃO METEOROLÓGICA AUTOMATICA DE IVAÍ/PR,-25.010757,-50.853853
434,ESTAÇÃO METEOROLÓGICA AUTOMATICA DE NOVA FÁTIMA/PR,-23.415284,-50.577744
445,ESTAÇÃO METEOROLÓGICA AUTOMATICA DE SÃO MATEUS DO SUL/PR,-25.835604,-50.368994
443,ESTAÇÃO METEOROLÓGICA AUTOMATICA DE VENTANIA/PR,-24.280394,-50.210150
426,ESTAÇÃO METEOROLÓGICA AUTOMATICA DE CASTRO/PR,-24.786954,-49.999266
408,ESTAÇÃO METEOROLÓGICA AUTOMATICA DE VOTUPORANGA/SP,-20.403221,-49.966031
428,ESTAÇÃO METEOROLÓGICA AUTOMATICA DE JOAQUIM TÁVORA/PR,-23.505266,-49.946387
411,ESTAÇÃO METEOROLÓGICA AUTOMATICA DE JOSÉ BONIFÁCIO/SP,-21.085675,-49.920388
406,ESTAÇÃO METEOROLÓGICA AUTOMATICA DE LINS/SP,-21.666045,-49.734854
453,ESTAÇÃO METEOROLÓGICA AUTOMATICA DE TORRES/RS,-29.350359,-49.733263
424,ESTAÇÃO METEOROLÓGICA AUTOMATICA DE CURITIBA/PR,-25.448688,-49.230602
393,ESTAÇÃO METEOROLÓGICA AUTOMATICA DE BAURU/SP,-22.358052,-49.028877
400,ESTAÇÃO METEOROLÓGICA AUTOMATICA DE ITAPEVA/SP,-23.981918,-48.885818
412,ESTAÇÃO METEOROLÓGICA AUTOMATICA DE ARIRANHA/SP,-21.132937,-48.840426
444,ESTAÇÃO METEOROLÓGICA AUTOMATICA DE MORRETES/PR,-25.508935,-48.808681
413,ESTAÇÃO METEOROLÓGICA AUTOMATICA DE IBITINGA/SP,-21.855567,-48.799717
421,ESTAÇÃO METEOROLÓGICA AUTOMATICA DE BARRETOS/SP,-20.559175,-48.544997
419,ESTAÇÃO METEOROLÓGICA AUTOMATICA DE BARRA DO TURVO/SP,-24.962819,-48.416379
437,ESTAÇÃO METEOROLÓGICA AUTOMATICA DE ILHA DO MEL/PR,-25.494522,-48.326041
420,ESTAÇÃO METEOROLÓGICA AUTOMATICA DE PRADÓPOLIS/SP,-21.338432,-48.114007
397,ESTAÇÃO METEOROLÓGICA AUTOMATICA DE SÃO CARLOS/SP,-21.980353,-47.883927
422,ESTAÇÃO METEOROLÓGICA AUTOMATICA DE ITUVERAVA/SP,-20.359760,-47.775220
405,ESTAÇÃO METEOROLÓGICA AUTOMATICA DE PIRACICABA/SP,-22.703132,-47.623317
398,ESTAÇÃO METEOROLÓGICA AUTOMATICA DE IGUAPE/SP,-24.671654,-47.545896
396,ESTAÇÃO METEOROLÓGICA AUTOMATICA DE FRANCA/SP,-20.584475,-47.382549
414,ESTAÇÃO METEOROLÓGICA AUTOMATICA DE CASA BRANCA/SP,-21.780560,-47.075280
415,ESTAÇÃO METEOROLÓGICA AUTOMATICA DE ITAPIRA/SP,-22.415062,-46.805292
394,ESTAÇÃO METEOROLÓGICA AUTOMATICA DE CAMPOS DO JORDÃO/SP,-22.750231,-45.603836
407,ESTAÇÃO METEOROLÓGICA AUTOMATICA DE TAUBATÉ/SP,-23.041668,-45.520841
416,ESTAÇÃO METEOROLÓGICA AUTOMATICA DE S LUIS DO PARAITINGA/SP,-23.228362,-45.417055
432,ESTAÇÃO METEOROLÓGICA AUTOMATICA DE GOIOÊRE/PR,0.000000,0.000000
229,ESTAÇÃO METEOROLÓGICA AUTOMATICA DE MARECHAL THAUMATURGO/AC,-8.950008,-72.786778
225,ESTAÇÃO METEOROLÓGICA AUTOMATICA DE PRQ. EST. CHANDLESS/AC,-9.358353,-69.926257
234,ESTAÇÃO METEOROLÓGICA AUTOMATICA DE BOCA DO ACRE/AM,-8.776804,-67.332557
280,ESTAÇÃO METEOROLÓGICA AUTOMATICA DE PORTO VELHO/RO,-8.793662,-63.845931
283,ESTAÇÃO METEOROLÓGICA AUTOMATICA DE ARIQUEMES/RO,-9.949001,-62.961873
247,ESTAÇÃO METEOROLÓGICA AUTOMATICA DE BARCELOS/AM,-0.987292,-62.924251
237,ESTAÇÃO METEOROLÓGICA AUTOMATICA DE APUI/AM,-7.205475,-59.888561
75,ESTAÇÃO METEOROLÓGICA AUTOMATICA DE VILA BELA DA S.TRIND/MT,-15.062696,-59.872921
72,ESTAÇÃO METEOROLÓGICA AUTOMATICA DE COTRIGUAÇÚ/MT,-9.906296,-58.572235
459,ESTAÇÃO METEOROLÓGICA AUTOMATICA DE ALEGRETE/RS,-29.709083,-55.525486
474,ESTAÇÃO METEOROLÓGICA AUTOMATICA DE S. LUIZ GONZAGA/RS,-28.417113,-54.962403
466,ESTAÇÃO METEOROLÓGICA AUTOMATICA DE SANTIAGO/RS,-29.191599,-54.885653
486,ESTAÇÃO METEOROLÓGICA AUTOMATICA DE SÃO VICENTE DO SUL/RS,-29.702111,-54.694319
465,ESTAÇÃO METEOROLÓGICA AUTOMATICA DE SÃO GABRIEL/RS,-30.341438,-54.310909
460,ESTAÇÃO METEOROLÓGICA AUTOMATICA DE BAGÉ/RS,-31.347801,-54.013292
485,ESTAÇÃO METEOROLÓGICA AUTOMATICA DE TUPANCIRETA/RS,-29.089381,-53.826650
496,ESTAÇÃO METEOROLÓGICA AUTOMATICA DE DIONÍSIO CERQUEIRA/SC,-26.286562,-53.633114
498,ESTAÇÃO METEOROLÓGICA AUTOMATICA DE SÃO MIGUEL DO OESTE/SC,-26.776699,-53.504541
476,ESTAÇÃO METEOROLÓGICA AUTOMATICA DE FREDERICO WESTPHALEN/RS,-27.395686,-53.429421
488,ESTAÇÃO METEOROLÓGICA AUTOMATICA DE CHUÍ/RS,-33.742297,-53.372218
477,ESTAÇÃO METEOROLÓGICA AUTOMATICA DE PALMEIRA DA MISSÕES/RS,-27.920379,-53.318049
483,ESTAÇÃO METEOROLÓGICA AUTOMATICA DE IBIRUBA/RS,-28.653458,-53.111881
492,ESTAÇÃO METEOROLÓGICA AUTOMATICA DE NOVO HORIZONTE/SC,-26.406499,-52.850366
471,ESTAÇÃO METEOROLÓGICA AUTOMATICA DE PASSO FUNDO/RS,-28.226805,-52.403582
499,ESTAÇÃO METEOROLÓGICA AUTOMATICA DE XANXERÊ/SC,-26.938666,-52.398090
458,ESTAÇÃO METEOROLÓGICA AUTOMATICA DE RIO PARDO/RS,-29.872113,-52.381980
487,ESTAÇÃO METEOROLÓGICA AUTOMATICA DE SERAFINA CORREA/RS,-28.704806,-51.870751
470,ESTAÇÃO METEOROLÓGICA AUTOMATICA DE CAMAQUÃ/RS,-30.807953,-51.834240
482,ESTAÇÃO METEOROLÓGICA AUTOMATICA DE TEUTONIA/RS,-29.450334,-51.824283
494,ESTAÇÃO METEOROLÓGICA AUTOMATICA DE JOAÇABA/SC,-27.169268,-51.558963
473,ESTAÇÃO METEOROLÓGICA AUTOMATICA DE LAGOA VERMELHA/RS,-28.222381,-51.512845
484,ESTAÇÃO METEOROLÓGICA AUTOMATICA DE CAMPO BOM/RS,-29.674293,-51.064042
500,ESTAÇÃO METEOROLÓGICA AUTOMATICA DE CAÇADOR/SC,-26.819156,-50.985520
478,ESTAÇÃO METEOROLÓGICA AUTOMATICA DE MOSTARDAS/RS,-31.248279,-50.906279
479,ESTAÇÃO METEOROLÓGICA AUTOMATICA DE CANELA/RS,-29.368788,-50.827231
501,ESTAÇÃO METEOROLÓGICA AUTOMATICA DE CURITIBANOS/SC,-27.288624,-50.604283
505,ESTAÇÃO METEOROLÓGICA AUTOMATICA DE MAJOR VIEIRA/SC,-26.393664,-50.363211
506,ESTAÇÃO METEOROLÓGICA AUTOMATICA DE LAGES/SC,-27.802228,-50.335457
467,ESTAÇÃO METEOROLÓGICA AUTOMATICA DE TRAMANDAI/RS,-30.010268,-50.135887
462,ESTAÇÃO METEOROLÓGICA AUTOMATICA DE S. J. DOS AUSENTES/RS,-28.748615,-50.057869
491,ESTAÇÃO METEOROLÓGICA AUTOMATICA DE SÃO JOAQUIM/SC,-28.275640,-49.934617
503,ESTAÇÃO METEOROLÓGICA AUTOMATICA DE RIO NEGRINHO/SC,-26.248411,-49.580624
508,ESTAÇÃO METEOROLÓGICA AUTOMATICA DE ARARANGUA/SC,-28.931353,-49.497920
495,ESTAÇÃO METEOROLÓGICA AUTOMATICA DE BOM JARDIM DA SERRA/SC,-28.126992,-49.479610
493,ESTAÇÃO METEOROLÓGICA AUTOMATICA DE INDAIAL/SC,-26.913704,-49.267978
510,ESTAÇÃO METEOROLÓGICA AUTOMATICA DE RANCHO QUEIMADO/SC,-27.678507,-49.042027
507,ESTAÇÃO METEOROLÓGICA AUTOMATICA DE SANTA MARTA/SC,-28.604414,-48.813313
511,ESTAÇÃO METEOROLÓGICA AUTOMATICA DE MORRETOS/PR,-25.508935,-48.808681
497,ESTAÇÃO METEOROLÓGICA AUTOMATICA DE ITAPOÁ/SC,-26.081303,-48.641774
489,ESTAÇÃO METEOROLÓGICA AUTOMATICA DE FLORIANÓPOLIS/SC,-27.602530,-48.620096
37,ESTAÇÃO METEOROLÓGICA AUTOMATICA DE PORTO MURTINHO/MS,-21.705850,-57.886546
244,ESTAÇÃO METEOROLÓGICA AUTOMATICA DE URUCARA/AM,-2.534749,-57.758099
67,ESTAÇÃO METEOROLÓGICA AUTOMATICA DE JUARA/MT,-11.280158,-57.526641
56,ESTAÇÃO METEOROLÓGICA AUTOMATICA DE TANGARÁ DA SERRA/MT,-14.650117,-57.431556
454,ESTAÇÃO METEOROLÓGICA AUTOMATICA DE URUGUAIANA/RS,-29.839870,-57.081899
387,ESTAÇÃO METEOROLÓGICA AUTOMATICA DE RIO CLARO/RJ,-13.453981,-56.677323
464,ESTAÇÃO METEOROLÓGICA AUTOMATICA DE QUARAI/RS,-30.368578,-56.437115
51,ESTAÇÃO METEOROLÓGICA AUTOMATICA DE JARDIM/MS,-21.478529,-56.137717
463,ESTAÇÃO METEOROLÓGICA AUTOMATICA DE SÃO BORJA/RS,-28.650092,-56.016291
77,ESTAÇÃO METEOROLÓGICA AUTOMATICA DE CARLINDA/MT,-9.970586,-55.827543
276,ESTAÇÃO METEOROLÓGICA AUTOMATICA DE MINA DO PALITO/PA,-6.320067,-55.787783
28,ESTAÇÃO METEOROLÓGICA AUTOMATICA DE PONTA PORÃ/MS,-22.552448,-55.716317
48,ESTAÇÃO METEOROLÓGICA AUTOMATICA DE SIDROLANDIA/MS,-20.981637,-54.971870
481,ESTAÇÃO METEOROLÓGICA AUTOMATICA DE DOM PEDRITO/RS,-30.992475,-54.815270
27,ESTAÇÃO METEOROLÓGICA AUTOMATICA DE CPº. GRANDE/MS,-20.447195,-54.722615
43,ESTAÇÃO METEOROLÓGICA AUTOMATICA DE RIO BRILHANTE/MS,-21.774940,-54.528108
455,ESTAÇÃO METEOROLÓGICA AUTOMATICA DE SANTA ROSA/RS,-27.890463,-54.480014
82,ESTAÇÃO METEOROLÓGICA AUTOMATICA DE STO ANTONIO DO LESTE/MT,-14.927883,-53.883643
450,ESTAÇÃO METEOROLÓGICA AUTOMATICA DE SANTA MARIA/RS,-29.724960,-53.720469
475,ESTAÇÃO METEOROLÓGICA AUTOMATICA DE CRUZ ALTA/RS,-28.603440,-53.673597
468,ESTAÇÃO METEOROLÓGICA AUTOMATICA DE JAGUARÃO/RS,-32.534825,-53.375860
53,ESTAÇÃO METEOROLÓGICA AUTOMATICA DE COSTA RICA/MS,-18.492665,-53.171261
256,ESTAÇÃO METEOROLÓGICA AUTOMATICA DE MEDICILANDIA/PA,-3.510943,-52.963450
438,ESTAÇÃO METEOROLÓGICA AUTOMATICA DE DIAMANTE DO NORTE/PR,-22.639366,-52.890156
469,ESTAÇÃO METEOROLÓGICA AUTOMATICA DE SOLEDADE/RS,-28.859211,-52.542387
461,ESTAÇÃO METEOROLÓGICA AUTOMATICA DE ERECHIM/RS,-27.657710,-52.305805
69,ESTAÇÃO METEOROLÓGICA AUTOMATICA DE QUERÊNCIA/MT,-12.627315,-52.220891
62,ESTAÇÃO METEOROLÓGICA AUTOMATICA DE ÁGUA BOA/MT,-14.016496,-52.211690
429,ESTAÇÃO METEOROLÓGICA AUTOMATICA DE NOVA TEBAS/PR,-24.437346,-51.963020
29,ESTAÇÃO METEOROLÓGICA AUTOMATICA DE TRES LAGOAS/MS,-20.790000,-51.712200
472,ESTAÇÃO METEOROLÓGICA AUTOMATICA DE BENTO GONÇALVES/RS,-29.164581,-51.534202
448,ESTAÇÃO METEOROLÓGICA AUTOMATICA DE PORTO ALEGRE/RS,-30.053536,-51.174766
270,ESTAÇÃO METEOROLÓGICA AUTOMATICA DE TUCUMA/PA,-6.743208,-51.141899
480,ESTAÇÃO METEOROLÓGICA AUTOMATICA DE VACARIA/RS,-28.513602,-50.882738
7,ESTAÇÃO METEOROLÓGICA AUTOMATICA DE SÃO SIMÃO/GO,-18.969142,-50.633449
409,ESTAÇÃO METEOROLÓGICA AUTOMATICA DE JALES/SP,-20.165025,-50.595134
442,ESTAÇÃO METEOROLÓGICA AUTOMATICA DE JAPIRA/PR,-23.773341,-50.180570
502,ESTAÇÃO METEOROLÓGICA AUTOMATICA DE RIO DO CAMPO/SC,-26.937526,-50.145445
277,ESTAÇÃO METEOROLÓGICA AUTOMATICA DE XINGUARA/PA,-7.110518,-49.926072
402,ESTAÇÃO METEOROLÓGICA AUTOMATICA DE OURINHOS/SP,-22.949000,-49.894546
504,ESTAÇÃO METEOROLÓGICA AUTOMATICA DE ITUPORANGA/SC,-27.418410,-49.646874
302,ESTAÇÃO METEOROLÓGICA AUTOMATICA DE ARAGUACU/TO,-12.592213,-49.528738
490,ESTAÇÃO METEOROLÓGICA AUTOMATICA DE URUSSANGA/SC,-28.532557,-49.315205
24,ESTAÇÃO METEOROLÓGICA AUTOMATICA DE ITUMBIARA/GO,-18.409761,-49.192061
274,ESTAÇÃO METEOROLÓGICA AUTOMATICA DE MARABA/PA,-5.366447,-49.051166
404,ESTAÇÃO METEOROLÓGICA AUTOMATICA DE AVARÉ/SP,-23.101749,-48.940997
509,ESTAÇÃO METEOROLÓGICA AUTOMATICA DE ITAJAI/SC,-26.950924,-48.762031
417,ESTAÇÃO METEOROLÓGICA AUTOMATICA DE BARRA BONITA/SP,-22.471205,-48.557573
264,ESTAÇÃO METEOROLÓGICA AUTOMATICA DE SOURE/PA,-0.727827,-48.515795
254,ESTAÇÃO METEOROLÓGICA AUTOMATICA DE BELÉM/PA,-1.411228,-48.439512
22,ESTAÇÃO METEOROLÓGICA AUTOMATICA DE PIRES DO RIO/GO,-17.304153,-48.284131
300,ESTAÇÃO METEOROLÓGICA AUTOMATICA DE SANTA ROSA DO TOCANTINS/TO,-11.429018,-48.184889
401,ESTAÇÃO METEOROLÓGICA AUTOMATICA DE S. MIG. ARCANJO/SP,-23.852022,-48.164817
328,ESTAÇÃO METEOROLÓGICA AUTOMATICA DE CONC. DAS ALAGOAS/MG,-19.985860,-48.151574
2,ESTAÇÃO METEOROLÓGICA AUTOMATICA DE AGUAS EMENDADAS/GO,-15.596491,-47.625801
399,ESTAÇÃO METEOROLÓGICA AUTOMATICA DE SOROCABA/SP,-23.426035,-47.585552
160,ESTAÇÃO METEOROLÓGICA AUTOMATICA DE CAROLINA/MA,-7.337269,-47.459839
171,ESTAÇÃO METEOROLÓGICA AUTOMATICA DE IMPERATRIZ/MA,-5.555723,-47.459794
259,ESTAÇÃO METEOROLÓGICA AUTOMATICA DE PARAGOMINAS/PA,-2.990361,-47.407833
301,ESTAÇÃO METEOROLÓGICA AUTOMATICA DE ALMAS/TO,-11.284098,-47.212125
350,ESTAÇÃO METEOROLÓGICA AUTOMATICA DE UNAI/MG,-16.554101,-46.881935
423,ESTAÇÃO METEOROLÓGICA AUTOMATICA DE BARUERI/SP,-23.523890,-46.869450
291,ESTAÇÃO METEOROLÓGICA AUTOMATICA DE DIANOPOLIS/TO,-11.594448,-46.847209
13,ESTAÇÃO METEOROLÓGICA AUTOMATICA DE POSSE/GO,-14.089210,-46.366497
361,ESTAÇÃO METEOROLÓGICA AUTOMATICA DE JOÃO PINHEIRO/MG,-17.784770,-46.119394
317,ESTAÇÃO METEOROLÓGICA AUTOMATICA DE MONTE VERDE/MG,-22.861604,-46.043365
169,ESTAÇÃO METEOROLÓGICA AUTOMATICA DE ALTO PARNAÍBA/MA,-9.108199,-45.932016
339,ESTAÇÃO METEOROLÓGICA AUTOMATICA DE MARIA DA FÉ/MG,-22.314567,-45.373049
166,ESTAÇÃO METEOROLÓGICA AUTOMATICA DE BACABAL/MA,-4.243056,-44.794993
382,ESTAÇÃO METEOROLÓGICA AUTOMATICA DE PARATÍ/RJ,-23.223540,-44.726863
110,ESTAÇÃO METEOROLÓGICA AUTOMATICA DE CORRENTINA/BA,-13.332386,-44.617376
334,ESTAÇÃO METEOROLÓGICA AUTOMATICA DE MONTALVANIA/MG,-14.408228,-44.404123
363,ESTAÇÃO METEOROLÓGICA AUTOMATICA DE IBIRITÈ (ROLA MOÇA)/MG,-20.031457,-44.011249
312,ESTAÇÃO METEOROLÓGICA AUTOMATICA DE BARBACENA/MG,-21.228373,-43.767703
345,ESTAÇÃO METEOROLÓGICA AUTOMATICA DE DIAMANTINA/MG,-18.231052,-43.648269
172,ESTAÇÃO METEOROLÓGICA AUTOMATICA DE CAXIAS/MA,-4.821352,-43.343659
202,ESTAÇÃO METEOROLÓGICA AUTOMATICA DE CARACOL/PI,-9.285880,-43.324438
373,ESTAÇÃO METEOROLÓGICA AUTOMATICA DE XEREM/RJ,-22.589806,-43.282233
129,ESTAÇÃO METEOROLÓGICA AUTOMATICA DE IBOTIRAMA/BA,-12.193060,-43.213420
381,ESTAÇÃO METEOROLÓGICA AUTOMATICA DE TERESÓPOLIS/RJ,-22.448922,-42.987146
142,ESTAÇÃO METEOROLÓGICA AUTOMATICA DE MACAUBAS/BA,-13.038900,-42.617200
359,ESTAÇÃO METEOROLÓGICA AUTOMATICA DE RIO PARDO DE MINAS/MG,-15.723139,-42.435750
325,ESTAÇÃO METEOROLÓGICA AUTOMATICA DE MURIAÉ/MG,-21.104867,-42.375904
199,ESTAÇÃO METEOROLÓGICA AUTOMATICA DE SÃO JOÃO DO PIAUÍ/PI,-8.364977,-42.250369
364,ESTAÇÃO METEOROLÓGICA AUTOMATICA DE MANHUAÇU/MG,-20.263378,-42.182817
377,ESTAÇÃO METEOROLÓGICA AUTOMATICA DE MACAÉ/RJ,-22.376318,-41.812053
120,ESTAÇÃO METEOROLÓGICA AUTOMATICA DE PIATÃ/BA,-13.155681,-41.774125
208,ESTAÇÃO METEOROLÓGICA AUTOMATICA DE CASTELO DO PIAUÍ/PI,-5.349228,-41.512274
383,ESTAÇÃO METEOROLÓGICA AUTOMATICA DE SÃO TOMÉ/RJ,-22.041647,-41.051871
306,ESTAÇÃO METEOROLÓGICA AUTOMATICA DE ALFREDO CHAVES/ES,-20.636526,-40.741818
183,ESTAÇÃO METEOROLÓGICA AUTOMATICA DE PETROLINA/PE,-9.388323,-40.523262
106,ESTAÇÃO METEOROLÓGICA AUTOMATICA DE MACAJUBA/BA,-12.131694,-40.354222
136,ESTAÇÃO METEOROLÓGICA AUTOMATICA DE ITAPETINGA/BA,-15.244620,-40.229550
305,ESTAÇÃO METEOROLÓGICA AUTOMATICA DE LINHARES/ES,-19.356923,-40.068680
126,ESTAÇÃO METEOROLÓGICA AUTOMATICA DE QUEIMADAS/BA,-10.984645,-39.617009
156,ESTAÇÃO METEOROLÓGICA AUTOMATICA DE ITAPIPOCA/CE,-3.484298,-39.588715
148,ESTAÇÃO METEOROLÓGICA AUTOMATICA DE IGUATÚ/CE,-6.396375,-39.268954
104,ESTAÇÃO METEOROLÓGICA AUTOMATICA DE ILHEUS/BA,-14.658803,-39.181438
107,ESTAÇÃO METEOROLÓGICA AUTOMATICA DE FEIRA DE SANTANA/BA,-12.196200,-38.967384
146,ESTAÇÃO METEOROLÓGICA AUTOMATICA DE GUARAMIRANGA/CE,-4.261351,-38.931068
151,ESTAÇÃO METEOROLÓGICA AUTOMATICA DE MORADA NOVA/CE,-5.136689,-38.356590
221,ESTAÇÃO METEOROLÓGICA AUTOMATICA DE ITABAIANINHA/SE,-11.272500,-37.795000
189,ESTAÇÃO METEOROLÓGICA AUTOMATICA DE IBIMIRIM/PE,-8.509552,-37.711591
91,ESTAÇÃO METEOROLÓGICA AUTOMATICA DE PÃO DE AÇUCAR/AL,-9.749220,-37.430765
215,ESTAÇÃO METEOROLÓGICA AUTOMATICA DE MACAU/RN,-5.151035,-36.573142
180,ESTAÇÃO METEOROLÓGICA AUTOMATICA DE CABACEIRAS/PB,-7.483206,-36.286469
192,ESTAÇÃO METEOROLÓGICA AUTOMATICA DE PALMARES/PE,-8.666667,-35.567921
95,ESTAÇÃO METEOROLÓGICA AUTOMATICA DE SÃO LUIS DO QUITUNDE/AL,-9.287481,-35.565878
213,ESTAÇÃO METEOROLÓGICA AUTOMATICA DE NATAL/RN,-5.837187,-35.207921
418,ESTAÇÃO METEOROLÓGICA AUTOMATICA DE MOELA/SP,0.000000,0.000000
