59,ESTAÇÃO METEOROLÓGICA AUTOMATICA DE CPº NOVO DOS PARECIS/MT,570.00,13°47'S,57°50'W,-13.785907,-57.838485,1367,,525.00,A905
38,ESTAÇÃO METEOROLÓGICA AUTOMATICA DE CORUMBÁ/MS,126.00,18°59'S,57°38'W,-18.996670,-57.637500,1511,,112.00,A724
64,ESTAÇÃO METEOROLÓGICA AUTOMATICA DE APIACAS/MT,220.00,09°33'S,57°23'W,-9.563392,-57.393578,1354,,218.00,A910
57,ESTAÇÃO METEOROLÓGICA AUTOMATICA DE S.J.DO RIO CLARO/MT,350.00,13°27'S,56°39'W,-13.453981,-56.677323,1466,,340.00,A903
32,ESTAÇÃO METEOROLÓGICA AUTOMATICA DE NHUMIRIM/MS,104.00,18°58'S,56°39'W,-18.988681,-56.622868,1511,,102.00,A717
50,ESTAÇÃO METEOROLÓGICA AUTOMATICA DE BELA VISTA/MS,208.00,22°06'S,56°32'W,-22.101536,-56.540763,1499,,206.00,A757
36,ESTAÇÃO METEOROLÓGICA AUTOMATICA DE MIRANDA/MS,140.00,20°23'S,56°25'W,-20.395530,-56.431736,1536,,132.00,A722
55,ESTAÇÃO METEOROLÓGICA AUTOMATICA DE CUIABÁ/MT,151.34,15°37'S,56°06'W,-15.559295,-56.062951,1383,,242.00,A901
33,ESTAÇÃO METEOROLÓGICA AUTOMATICA DE AQUIDAUANA/MS,155.00,20°28'S,55°47'W,-20.475420,-55.784006,1494,,151.00,A719
58,ESTAÇÃO METEOROLÓGICA AUTOMATICA DE SORRISO/MT,380.00,12°33'S,55°43'W,-12.555107,-55.722863,1473,,379.00,A904
45,ESTAÇÃO METEOROLÓGICA AUTOMATICA DE AMAMBAI/MS,431.00,23°00'S,55°19'W,-23.002530,-55.329357,1488,,434.00,A750
40,ESTAÇÃO METEOROLÓGICA AUTOMATICA DE MARACAJU/MS,401.00,21°36'S,55°10'W,-21.609036,-55.177531,1535,,389.00,A731
65,ESTAÇÃO METEOROLÓGICA AUTOMATICA DE CAMPO VERDE/MT,749.00,15°31'S,55°08'W,-15.531431,-55.135649,1368,,748.00,A912
46,ESTAÇÃO METEOROLÓGICA AUTOMATICA DE SETE QUEDAS/MS,402.00,23°58'S,55°01'W,-23.966893,-55.024227,1556,,398.00,A751
35,ESTAÇÃO METEOROLÓGICA AUTOMATICA DE DOURADOS/MS,469.00,22°11'S,54°54'W,-22.193920,-54.911355,1517,,463.00,A721
60,ESTAÇÃO METEOROLÓGICA AUTOMATICA DE GUARANTÃ DO NORTE/MT,320.00,09°57'S,54°53'W,-9.952594,-54.897834,1393,,284.00,A906
54,ESTAÇÃO METEOROLÓGICA AUTOMATICA DE SONORA/MS,495.00,17°38'S,54°45'W,-17.635277,-54.760470,1558,,495.00,A761
34,ESTAÇÃO METEOROLÓGICA AUTOMATICA DE COXIM/MS,252.00,18°30'S,54°44'W,-18.512146,-54.736116,1513,,251.00,A720
44,ESTAÇÃO METEOROLÓGICA AUTOMATICA DE JUTI/MS,379.00,22°51'S,54°36'W,-22.857210,-54.605634,1532,,375.00,A749
61,ESTAÇÃO METEOROLÓGICA AUTOMATICA DE RONDONÓPOLIS/MT,284.00,16°27'S,54°34'W,-16.462419,-54.580151,1454,,290.00,A907
41,ESTAÇÃO METEOROLÓGICA AUTOMATICA DE S. GABRIEL DO OESTE/MS,647.00,19°25'S,54°33'W,-19.420320,-54.553088,1554,,646.00,A732
47,ESTAÇÃO METEOROLÓGICA AUTOMATICA DE ITAQUIRAI/MS,336.00,23°26'S,54°10'W,-23.449501,-54.181858,1526,,338.00,A752
30,ESTAÇÃO METEOROLÓGICA AUTOMATICA DE IVINHEMA/MS,373.29,22°18'S,53°49'W,-22.300421,-53.822895,1527,,377.00,A709
63,ESTAÇÃO METEOROLÓGICA AUTOMATICA DE ALTO ARAGUAIA/MT,753.00,17°33'S,53°22'W,-17.339359,-53.224449,1349,,753.00,A909
49,ESTAÇÃO METEOROLÓGICA AUTOMATICA DE ÁGUA CLARA/MS,338.00,20°26'S,52°52'W,-20.444440,-52.875830,1486,,324.00,A756
39,ESTAÇÃO METEOROLÓGICA AUTOMATICA DE CHAPADÃO DO SUL/MS,818.00,18°48'S,52°36'W,-18.802187,-52.602620,1508,,821.00,A730
52,ESTAÇÃO METEOROLÓGICA AUTOMATICA DE BATAGUASSU/MS,387.00,21°45'S,52°28'W,-21.750123,-52.471294,1497,,392.00,A759
9,ESTAÇÃO METEOROLÓGICA AUTOMATICA DE ARAGARÇAS/GO,347.00,15°54'S,52°14'W,-15.902658,-52.245172,905,,327.00,A013
15,ESTAÇÃO METEOROLÓGICA AUTOMATICA DE CAIAPÔNIA/GO,737.00,16°58'S,51°49'W,-16.966841,-51.817567,929,,740.00,A023
42,ESTAÇÃO METEOROLÓGICA AUTOMATICA DE CASSILANDIA/MS,516.00,19°07'S,51°43'W,-19.122471,-51.720732,1507,,495.00,A742
12,ESTAÇÃO METEOROLÓGICA AUTOMATICA DE JATAÍ/GO,582.00,17°55'S,51°43'W,-17.923622,-51.717467,1010,,670.00,A016
31,ESTAÇÃO METEOROLÓGICA AUTOMATICA DE PARANAIBA/MS,424.00,19°41'S,51°10'W,-19.695517,-51.181769,1543,,408.00,A710
20,ESTAÇÃO METEOROLÓGICA AUTOMATICA DE IPORA/GO,625.00,16°25'S,51°08'W,-16.423059,-51.148801,995,,610.00,A028
17,ESTAÇÃO METEOROLÓGICA AUTOMATICA DE RIO VERDE/GO,782.00,17°47'S,50°57'W,-17.785303,-50.964869,1080,,780.00,A025
19,ESTAÇÃO METEOROLÓGICA AUTOMATICA DE PARAUNA/GO,678.00,16°57'S,50°25'W,-16.962536,-50.425450,1061,,679.00,A027
10,ESTAÇÃO METEOROLÓGICA AUTOMATICA DE GOIÁS/GO,512.00,15°56'S,50°08'W,-15.939729,-50.141433,979,,513.00,A014
11,ESTAÇÃO METEOROLÓGICA AUTOMATICA DE ITAPACI/GO,522.00,14°58'S,49°32'W,-14.979792,-49.539977,1001,,551.00,A015
4,ESTAÇÃO METEOROLÓGICA AUTOMATICA DE GOIANIA/GO,770.00,16°38'S,49°13'W,-16.642841,-49.220222,977,,727.00,ZZZ2
5,ESTAÇÃO METEOROLÓGICA AUTOMATICA DE MORRINHOS/GO,771.42,17°43'S,49°06'W,-17.745066,-49.101698,1032,,751.00,A003
14,ESTAÇÃO METEOROLÓGICA AUTOMATICA DE GOIANESIA/GO,667.00,15°13'S,48°59'W,-15.220199,-48.990107,976,,667.00,A022
26,ESTAÇÃO METEOROLÓGICA AUTOMATICA DE SILVANIA/GO,949.00,16°40'S,48°37'W,-16.679786,-48.618171,1108,,952.00,A037
6,ESTAÇÃO METEOROLÓGICA AUTOMATICA DE NIQUELANDIA/GO,583.00,14°27'S,48°27'W,-14.469358,-48.485756,1040,,664.00,A004
3,ESTAÇÃO METEOROLÓGICA AUTOMATICA DE PONTE ALTA (GAMA)/DF,990.00,15°93'S,48°13'W,-15.935139,-48.137377,882,,990.00,A046
8,ESTAÇÃO METEOROLÓGICA AUTOMATICA DE LUZIANIA/GO,958.00,16°16'S,47°57'W,-16.260542,-47.966962,1017,,1001.00,A012
23,ESTAÇÃO METEOROLÓGICA AUTOMATICA DE CATALÃO/GO,890.00,18°09'S,47°55'W,-18.154779,-47.927614,941,,901.00,A034
1,ESTAÇÃO METEOROLÓGICA AUTOMATICA DE BRASILIA/DF,1159.54,15°47'S,47°55'W,-15.789343,-47.925756,882,,1161.00,A001
25,ESTAÇÃO METEOROLÓGICA AUTOMATICA DE CRISTALINA/GO,1202.00,16°47'S,47°36'W,-16.784896,-47.612966,953,,1211.00,A036
16,ESTAÇÃO METEOROLÓGICA AUTOMATICA DE ALTO PARAISO GOIAS/GO,1260.00,14°07'S,47°31'W,-14.133074,-47.523258,893,,1265.00,A024
21,ESTAÇÃO METEOROLÓGICA AUTOMATICA DE MONTE ALEGRE GOIAS/GO,1253.00,13°14'S,46°53'W,-13.253521,-46.890326,1028,,551.00,A032
18,ESTAÇÃO METEOROLÓGICA AUTOMATICA DE MINEIROS/GO,706.00,17°34'S,52°35'W,0.000000,0.000000,1026,,0.00,A026
66,ESTAÇÃO METEOROLÓGICA AUTOMATICA DE COMODORO/MT,591.00,13°42'S,59°45'W,-13.708046,-59.762385,1379,,577.00,A913
88,ESTAÇÃO METEOROLÓGICA AUTOMATICA DE PONTES E LACERDA/MT,256.00,15°15'S,59°20'W,-15.234582,-59.346215,1441,,273.00,A937
73,ESTAÇÃO METEOROLÓGICA AUTOMATICA DE JUÍNA/MT,200.00,11°22'S,58°43'W,-11.375126,-58.774785,1404,,365.00,A920
78,ESTAÇÃO METEOROLÓGICA AUTOMATICA DE NOVO MUNDO/MT,431.00,12°31'S,58°13'W,-12.521901,-58.231401,1430,,426.00,A927
87,ESTAÇÃO METEOROLÓGICA AUTOMATICA DE SALTO DO CEU/MT,303.00,15°08'S,58°06'W,-15.124811,-58.127092,1456,,301.00,A936
89,ESTAÇÃO METEOROLÓGICA AUTOMATICA DE CACERES/MT,116.00,16°02'S,57°41'W,-16.074740,-57.693047,1365,,124.00,A941
86,ESTAÇÃO METEOROLÓGICA AUTOMATICA DE PORTO ESTRELA/MT,145.00,15°21'S,57°13'W,-15.324728,-57.225845,1445,,148.00,A935
79,ESTAÇÃO METEOROLÓGICA AUTOMATICA DE NOVA MARINGA/MT,353.00,13°02'S,57°05'W,-13.038642,-57.092201,1422,,334.00,A928
76,ESTAÇÃO METEOROLÓGICA AUTOMATICA DE ALTA FLORESTA/MT,289.00,09°50'S,56°06'W,-10.077262,-56.179221,1348,,292.00,A924
70,ESTAÇÃO METEOROLÓGICA AUTOMATICA DE SINOP/MT,371.00,11°58'S,55°33'W,-11.982245,-55.565993,1472,,367.00,A917
80,ESTAÇÃO METEOROLÓGICA AUTOMATICA DE NOVA UBIRATÃ/MT,518.00,13°24'S,54°45'W,-13.411105,-54.752144,1427,,466.00,A929
84,ESTAÇÃO METEOROLÓGICA AUTOMATICA DE ITIQUIRA/MT,585.00,17°10'S,54°30'W,-17.175051,-54.501690,1399,,593.00,A933
68,ESTAÇÃO METEOROLÓGICA AUTOMATICA DE PARANATINGA/MT,474.00,14°25'S,54°02'W,-14.421492,-54.036055,1434,,477.00,A915
83,ESTAÇÃO METEOROLÓGICA AUTOMATICA DE GUIRATINGA/MT,526.00,16°20'S,53°45'W,-16.341587,-53.766089,1394,,525.00,A932
85,ESTAÇÃO METEOROLÓGICA AUTOMATICA DE ALTO TAQUARI/MT,875.00,17°48'S,53°17'W,-17.841011,-53.289474,1353,,862.00,A934
81,ESTAÇÃO METEOROLÓGICA AUTOMATICA DE GAUCHA DO NORTE/MT,379.00,13°11'S,53°15'W,-13.184857,-53.257366,1390,,376.00,A930
71,ESTAÇÃO METEOROLÓGICA AUTOMATICA DE CONFRESA/MT,237.00,10°39'S,51°34'W,-10.639518,-51.571456,1380,,233.00,A918
74,ESTAÇÃO METEOROLÓGICA AUTOMATICA DE S.FELIX DO ARAGUAIA/MT,218.00,11°37'S,50°43'W,-11.619023,-50.727856,1464,,201.00,A921
99,ESTAÇÃO METEOROLÓGICA AUTOMATICA DE L. E. MAGALHAES/BA,754.04,12°09'S,45°49'W,-12.152394,-45.829745,515,,761.00,A404
97,ESTAÇÃO METEOROLÓGICA AUTOMATICA DE BARREIRAS/BA,470.37,12°09'S,45°01'W,-12.124715,-45.027049,318,,474.00,A402
109,ESTAÇÃO METEOROLÓGICA AUTOMATICA DE STA RITA DE CASSIA/BA,450.00,11°01'S,44°31'W,-11.002768,-44.524965,624,,450.00,A415
122,ESTAÇÃO METEOROLÓGICA AUTOMATICA DE BURITIRAMA/BA,502.00,10°43'S,43°39'W,-10.722925,-43.651203,338,,506.00,A432
111,ESTAÇÃO METEOROLÓGICA AUTOMATICA DE BOM JESUS DA LAPA/BA,440.00,13°25'S,43°11'W,-13.251094,-43.405365,327,,448.00,A418
119,ESTAÇÃO METEOROLÓGICA AUTOMATICA DE BARRA/BA,403.00,11°05'S,43°08'W,-11.084858,-43.138998,313,,408.00,A429
116,ESTAÇÃO METEOROLÓGICA AUTOMATICA DE GUANAMBI/BA,882.00,14°12'S,42°44'W,-14.208124,-42.749647,423,,552.00,A426
113,ESTAÇÃO METEOROLÓGICA AUTOMATICA DE REMANSO/BA,401.00,09°36'S,42°06'W,-9.625693,-42.077214,601,,397.00,A423
114,ESTAÇÃO METEOROLÓGICA AUTOMATICA DE IRECÊ/BA,755.00,11°19'S,41°51'W,-11.328998,-41.864504,454,,768.00,A424
123,ESTAÇÃO METEOROLÓGICA AUTOMATICA DE BRUMADO/BA,470.00,14°11'S,41°20'W,-14.181886,-41.672281,336,,473.00,A433
115,ESTAÇÃO METEOROLÓGICA AUTOMATICA DE LENÇOIS/BA,439.00,12°33'S,41°23'W,-12.557854,-41.388808,512,,438.00,A425
108,ESTAÇÃO METEOROLÓGICA AUTOMATICA DE VITORIA DA CONQUISTA/BA,870.00,14°53'S,40°28'W,-14.886428,-40.801330,693,,879.00,A414
130,ESTAÇÃO METEOROLÓGICA AUTOMATICA DE JACOBINA/BA,453.00,11°12'S,40°27'W,-11.205136,-40.464979,488,,441.00,A440
103,ESTAÇÃO METEOROLÓGICA AUTOMATICA DE ITABERABA/BA,249.89,12°31'S,40°17'W,-12.524062,-40.299714,456,,250.00,A408
118,ESTAÇÃO METEOROLÓGICA AUTOMATICA DE SENHOR DO BONFIM/BA,548.00,10°26'S,40°08'W,-10.443072,-40.148244,650,,532.00,A428
102,ESTAÇÃO METEOROLÓGICA AUTOMATICA DE ITIRUÇÚ/BA,755.61,13°31'S,40°07'W,-13.527828,-40.119752,480,,757.00,A407
124,ESTAÇÃO METEOROLÓGICA AUTOMATICA DE AMARGOSA/BA,407.00,13°00'S,39°37'W,-13.009468,-39.616881,290,,398.00,A434
125,ESTAÇÃO METEOROLÓGICA AUTOMATICA DE UAUÁ/BA,453.00,09°50'S,39°29'W,-9.833617,-39.495631,675,,451.00,A435
100,ESTAÇÃO METEOROLÓGICA AUTOMATICA DE CARAVELAS/BA,2.88,17°44'S,39°16'W,-17.739413,-39.258617,366,,6.00,A405
117,ESTAÇÃO METEOROLÓGICA AUTOMATICA DE PORTO SEGURO/BA,85.00,16°23'S,39°10'W,-16.388977,-39.182389,591,,86.00,A427
127,ESTAÇÃO METEOROLÓGICA AUTOMATICA DE UNA/BA,82.00,15°16'S,39°05'W,-15.280215,-39.091270,681,,74.00,A437
101,ESTAÇÃO METEOROLÓGICA AUTOMATICA DE CRUZ DAS ALMAS/BA,225.87,12°39'S,39°09'W,-12.675422,-39.089580,396,,220.00,A406
128,ESTAÇÃO METEOROLÓGICA AUTOMATICA DE MARAU/BA,10.00,13°54'S,38°58'W,-13.906940,-38.972220,530,,6.00,A438
112,ESTAÇÃO METEOROLÓGICA AUTOMATICA DE ABROLHOS/BA,25.00,17°57'S,38°41'W,-17.963016,-38.703288,366,,21.00,A422
96,ESTAÇÃO METEOROLÓGICA AUTOMATICA DE SALVADOR/BA,51.41,13°01'S,38°31'W,-13.005515,-38.505760,616,,48.00,A401
105,ESTAÇÃO METEOROLÓGICA AUTOMATICA DE PAULO AFONSO/BA,252.69,09°22'S,38°13'W,-9.378106,-38.226771,574,,255.00,A411
121,ESTAÇÃO METEOROLÓGICA AUTOMATICA DE CONDE/BA,10.00,11°48'S,37°35'W,-12.035833,-37.683889,384,,32.00,A431
92,ESTAÇÃO METEOROLÓGICA AUTOMATICA DE PALMEIRA DOS INDIOS/AL,275.00,09°25'S,36°37'W,-9.420334,-36.620371,167,,278.00,A327
93,ESTAÇÃO METEOROLÓGICA AUTOMATICA DE ARAPIRACA/AL,241.00,09°48'S,36°37'W,-9.804551,-36.619198,103,,237.00,A353
94,ESTAÇÃO METEOROLÓGICA AUTOMATICA DE CORURIPE/AL,74.00,10°07'S,36°17'W,-10.128482,-36.286348,124,,82.00,A355
90,ESTAÇÃO METEOROLÓGICA AUTOMATICA DE MACEIÓ/AL,64.50,09°33'S,35°46'W,-9.551168,-35.770195,147,,84.00,A303
98,ESTAÇÃO METEOROLÓGICA AUTOMATICA DE AREMBEPE/BA,10.78,12°45'S,38°09'W,0.000000,0.000000,350,,0.00,ZZZ1
170,ESTAÇÃO METEOROLÓGICA AUTOMATICA DE ESTREITO/MA,180.00,06°39'S,47°25'W,-6.653272,-47.418241,1197,,183.00,A224
173,ESTAÇÃO METEOROLÓGICA AUTOMATICA DE BURITICUPÚ/MA,175.00,04°19'S,46°26'W,-4.320597,-46.449503,1169,,175.00,A238
162,ESTAÇÃO METEOROLÓGICA AUTOMATICA DE GRAJAÚ/MA,230.00,05°48'S,46°09'W,-5.816085,-46.162200,1212,,232.00,A207
159,ESTAÇÃO METEOROLÓGICA AUTOMATICA DE BALSAS/MA,254.00,07°27'S,46°01'W,-7.455609,-46.027546,1152,,271.00,A204
165,ESTAÇÃO METEOROLÓGICA AUTOMATICA DE TURIAÇU/MA,41.00,01°39'S,45°22'W,-1.661224,-45.372571,1336,,36.00,A219
167,ESTAÇÃO METEOROLÓGICA AUTOMATICA DE BARRA DO CORDA/MA,153.00,05°30'S,45°14'W,-5.506782,-45.237053,1154,,154.00,A221
141,ESTAÇÃO METEOROLÓGICA AUTOMATICA DE FORMOSO DO RIO PRETO/BA,488.00,11°05'S,45°20'W,-11.052164,-45.200769,415,,488.00,A452
168,ESTAÇÃO METEOROLÓGICA AUTOMATICA DE COLINAS/MA,179.00,06°02'S,44°14'W,-6.033167,-44.233402,1189,,175.00,A222
158,ESTAÇÃO METEOROLÓGICA AUTOMATICA DE SÃO LUIZ/MA,56.00,02°31'S,44°12'W,-2.526771,-44.213577,4410,,55.00,A203
163,ESTAÇÃO METEOROLÓGICA AUTOMATICA DE SANTANA/MA,8.00,02°16'S,43°37'W,-2.270811,-43.624043,1296,,10.00,A217
161,ESTAÇÃO METEOROLÓGICA AUTOMATICA DE CHAPADINHA/MA,91.00,03°44'S,43°21'W,-3.742674,-43.352084,1185,,104.00,A206
195,ESTAÇÃO METEOROLÓGICA AUTOMATICA DE FLORIANO/PI,123.27,06°46'S,43°01'W,-6.761438,-43.003396,3449,,126.00,A311
196,ESTAÇÃO METEOROLÓGICA AUTOMATICA DE TERESINA/PI,74.36,05°04'S,42°48'W,-5.034769,-42.801341,3581,,75.00,A312
164,ESTAÇÃO METEOROLÓGICA AUTOMATICA DE PREGUIÇAS/MA,0.10,02°35'S,42°42'W,-2.592341,-42.707553,1155,,5.00,A218
139,ESTAÇÃO METEOROLÓGICA AUTOMATICA DE PILÃO ARCADO/BA,400.00,10°00'S,42°47'W,-10.002261,-42.473641,579,,400.00,A449
194,ESTAÇÃO METEOROLÓGICA AUTOMATICA DE PARNAÍBA/PI,79.50,03°05'S,41°47'W,-3.086656,-41.783139,3517,,52.00,A308
133,ESTAÇÃO METEOROLÓGICA AUTOMATICA DE DELFINO/BA,637.00,10°27'S,41°12'W,-10.454920,-41.206996,680,,646.00,A443
153,ESTAÇÃO METEOROLÓGICA AUTOMATICA DE CRATEUS/CE,291.00,05°11'S,40°40'W,-5.186636,-40.672128,747,,298.00,A342
154,ESTAÇÃO METEOROLÓGICA AUTOMATICA DE CAMPOS SALES/CE,572.00,07°04'S,40°21'W,-7.077730,-40.362678,730,,578.00,A347
145,ESTAÇÃO METEOROLÓGICA AUTOMATICA DE SOBRAL/CE,109.62,03°43'S,40°20'W,-3.748177,-40.345720,864,,92.00,A306
149,ESTAÇÃO METEOROLÓGICA AUTOMATICA DE TAUÁ/CE,415.00,06°01'S,40°16'W,-6.017474,-40.281321,869,,411.00,A324
193,ESTAÇÃO METEOROLÓGICA AUTOMATICA DE OURICURI/PE,464.00,07°53'S,40°06'W,-7.885833,-40.102683,3296,,458.00,A366
157,ESTAÇÃO METEOROLÓGICA AUTOMATICA DE ACARAÚ/CE,76.00,03°07'S,40°05'W,-3.121067,-40.087288,700,,67.00,A360
138,ESTAÇÃO METEOROLÓGICA AUTOMATICA DE CURACA/BA,370.00,09°00'S,39°91'W,-9.001300,-39.912400,397,,370.00,A448
135,ESTAÇÃO METEOROLÓGICA AUTOMATICA DE IPIAU/BA,125.00,14°10'S,39°41'W,-14.171304,-39.692502,447,,132.00,A445
143,ESTAÇÃO METEOROLÓGICA AUTOMATICA DE ITAMARAJU/BA,110.00,17°43'S,39°55'W,-17.436667,-39.550861,466,,110.00,A455
187,ESTAÇÃO METEOROLÓGICA AUTOMATICA DE CABROBÓ/PE,341.46,08°29'S,39°18'W,-8.504000,-39.315280,3213,,343.00,A329
150,ESTAÇÃO METEOROLÓGICA AUTOMATICA DE QUIXERAMOBIM/CE,79.50,05°10'S,39°17'W,-5.174568,-39.289393,848,,221.00,A325
147,ESTAÇÃO METEOROLÓGICA AUTOMATICA DE BARBALHA/CE,409.00,07°18'S,39°16'W,-7.300925,-39.271107,720,,409.00,A315
137,ESTAÇÃO METEOROLÓGICA AUTOMATICA DE BELMONTE/BA,88.00,16°05'S,39°12'W,-16.088049,-39.215389,322,,90.00,A447
134,ESTAÇÃO METEOROLÓGICA AUTOMATICA DE VALENÇA/BA,105.00,13°20'S,39°07'W,-13.343610,-39.126670,685,,93.00,A444
131,ESTAÇÃO METEOROLÓGICA AUTOMATICA DE SERRINHA/BA,339.00,11°39'S,39°01'W,-11.664586,-39.022946,655,,338.00,A441
132,ESTAÇÃO METEOROLÓGICA AUTOMATICA DE EUCLIDES DA CUNHA/BA,432.00,10°32'S,38°59'W,-10.537233,-38.996605,407,,432.00,A442
155,ESTAÇÃO METEOROLÓGICA AUTOMATICA DE JAGUARIBE/CE,184.00,05°54'S,38°37'W,-5.905589,-38.627792,791,,149.00,A358
191,ESTAÇÃO METEOROLÓGICA AUTOMATICA DE FLORESTA/PE,329.00,08°36'S,38°35'W,-8.598785,-38.584062,3245,,327.00,A351
144,ESTAÇÃO METEOROLÓGICA AUTOMATICA DE FORTALEZA/CE,41.00,03°46'S,38°33'W,-3.815701,-38.537792,756,,30.00,A305
140,ESTAÇÃO METEOROLÓGICA AUTOMATICA DE JEREMOABO/BA,261.00,10°08'S,38°34'W,-10.080700,-38.345900,494,,261.00,A450
178,ESTAÇÃO METEOROLÓGICA AUTOMATICA DE SÃO GONÇALO/PB,233.06,06°45'S,38°13'W,-6.835777,-38.311583,3662,,237.00,A333
190,ESTAÇÃO METEOROLÓGICA AUTOMATICA DE SERRA TALHADA/PE,461.00,07°57'S,38°17'W,-7.954277,-38.295082,3340,,499.00,A350
152,ESTAÇÃO METEOROLÓGICA AUTOMATICA DE JAGUARUANA/CE,12.00,04°47'S,37°46'W,-4.853511,-37.777189,792,,17.00,A339
177,ESTAÇÃO METEOROLÓGICA AUTOMATICA DE PATOS/PB,249.00,07°04'S,37°16'W,-7.079836,-37.272817,2694,,264.00,A321
179,ESTAÇÃO METEOROLÓGICA AUTOMATICA DE MONTEIRO/PB,603.66,07°53'S,37°06'W,-7.894465,-37.124704,2682,,606.00,A334
184,ESTAÇÃO METEOROLÓGICA AUTOMATICA DE ARCO VERDE/PE,680.70,08°26'S,37°03'W,-8.433544,-37.055477,3195,,684.00,A309
185,ESTAÇÃO METEOROLÓGICA AUTOMATICA DE GARANHUNS/PE,822.76,08°54'S,36°29'W,-8.910950,-36.493381,3248,,828.00,A322
188,ESTAÇÃO METEOROLÓGICA AUTOMATICA DE CARUARU/PE,550.00,08°17'S,35°57'W,-8.236069,-35.985550,3226,,570.00,A341
175,ESTAÇÃO METEOROLÓGICA AUTOMATICA DE CAMPINA GRANDE/PB,547.56,07°13'S,35°53'W,-7.225574,-35.904831,2609,,546.00,A313
186,ESTAÇÃO METEOROLÓGICA AUTOMATICA DE SURUBIM/PE,418.32,07°50'S,35°45'W,-7.839628,-35.801056,3345,,421.00,A328
174,ESTAÇÃO METEOROLÓGICA AUTOMATICA DE AREIA/PB,574.62,06°58'S,35°41'W,-6.975451,-35.718128,2573,,573.00,A310
181,ESTAÇÃO METEOROLÓGICA AUTOMATICA DE CAMARATUBA/PB,136.00,06°36'S,35°08'W,-6.561813,-35.135316,2675,,136.00,A352
182,ESTAÇÃO METEOROLÓGICA AUTOMATICA DE RECIFE/PE,10.00,08°03'S,34°57'W,-8.059280,-34.959239,3314,,11.00,A301
176,ESTAÇÃO METEOROLÓGICA AUTOMATICA DE JOÃO PESSOA/PB,44.00,07°08'S,34°51'W,-7.165409,-34.815627,2654,,34.00,A320
228,ESTAÇÃO METEOROLÓGICA AUTOMATICA DE PORTO WALTER/AC,204.00,08°16'S,72°44'W,-8.267197,-72.747838,93,,205.00,A136
227,ESTAÇÃO METEOROLÓGICA AUTOMATICA DE CRUZEIRO DO SUL/AC,220.00,07°36'S,72°40'W,-7.610773,-72.681333,84,,220.00,A108
230,ESTAÇÃO METEOROLÓGICA AUTOMATICA DE FEIJO/AC,163.00,08°08'S,70°20'W,-8.142654,-70.343594,86,,157.00,A138
233,ESTAÇÃO METEOROLÓGICA AUTOMATICA DE EIRUNEPÉ/AM,143.00,06°39'S,69°52'W,-6.650301,-69.868610,240,,122.00,A109
231,ESTAÇÃO METEOROLÓGICA AUTOMATICA DE EPITACIOLANDIA/AC,217.00,11°01'S,68°44'W,-11.023752,-68.735180,85,,225.00,A140
226,ESTAÇÃO METEOROLÓGICA AUTOMATICA DE RIO BRANCO/AC,220.00,09°57'S,68°09'W,-9.957844,-68.165169,94,,224.00,A104
249,ESTAÇÃO METEOROLÓGICA AUTOMATICA DE S. G. DA CACHOEIRA/AM,90.00,00°07'S,67°03'W,-0.125207,-67.061246,270,,80.00,A134
235,ESTAÇÃO METEOROLÓGICA AUTOMATICA DE LABREA/AM,64.00,07°15'S,64°47'W,-7.260681,-64.788501,253,,62.00,A111
238,ESTAÇÃO METEOROLÓGICA AUTOMATICA DE COARI/AM,43.00,04°05'S,63°08'W,-4.097483,-63.145322,238,,34.00,A117
236,ESTAÇÃO METEOROLÓGICA AUTOMATICA DE HUMAITA/AM,72.00,07°38'S,63°04'W,-7.552520,-63.071343,244,,54.00,A112
248,ESTAÇÃO METEOROLÓGICA AUTOMATICA DE MANICORÉ/AM,71.00,05°48'S,61°07'W,-5.788533,-61.288276,257,,41.00,A133
239,ESTAÇÃO METEOROLÓGICA AUTOMATICA DE MANACAPURU/AM,19.00,03°17'S,60°37'W,-3.294638,-60.628402,254,,37.00,A119
246,ESTAÇÃO METEOROLÓGICA AUTOMATICA DE PRES. FIGUEIREDO/AM,92.00,02°03'S,60°01'W,-2.056558,-60.025756,266,,61.00,A126
232,ESTAÇÃO METEOROLÓGICA AUTOMATICA DE MANAUS/AM,67.00,03°07'S,59°57'W,-3.103682,-60.015461,256,,49.00,A101
245,ESTAÇÃO METEOROLÓGICA AUTOMATICA DE RIO URUBU/AM,59.00,02°25'S,59°33'W,-2.633654,-59.600582,267,,113.00,A125
240,ESTAÇÃO METEOROLÓGICA AUTOMATICA DE AUTAZES/AM,28.00,03°34'S,59°07'W,-3.583333,-59.129440,225,,20.00,A120
241,ESTAÇÃO METEOROLÓGICA AUTOMATICA DE ITACOATIARA/AM,37.00,03°07'S,58°28'W,-3.133333,-58.482780,247,,42.00,A121
242,ESTAÇÃO METEOROLÓGICA AUTOMATICA DE MAUÉS/AM,35.00,03°23'S,57°40'W,-3.399010,-57.673772,259,,25.00,A122
243,ESTAÇÃO METEOROLÓGICA AUTOMATICA DE PARINTINS/AM,35.00,02°38'S,56°45'W,-2.639152,-56.756177,264,,19.00,A123
258,ESTAÇÃO METEOROLÓGICA AUTOMATICA DE PLACAS/PA,96.00,03°52'S,54°14'W,-3.864040,-54.216416,2509,,100.00,A211
250,ESTAÇÃO METEOROLÓGICA AUTOMATICA DE OIAPOQUE/AP,19.00,03°48'N,51°51'W,3.813583,-51.862500,211,,15.00,A242
253,ESTAÇÃO METEOROLÓGICA AUTOMATICA DE MACAPA/AP,27.00,03°52'S,51°08'W,0.035020,-51.088763,209,,17.00,A249
251,ESTAÇÃO METEOROLÓGICA AUTOMATICA DE TARTARUGALZINHO/AP,21.00,01°29'N,50°55'W,1.496667,-50.916700,217,,21.00,A243
257,ESTAÇÃO METEOROLÓGICA AUTOMATICA DE PACAJÁ/PA,108.00,03°50'S,50°38'W,-3.843701,-50.638098,2502,,89.00,A210
260,ESTAÇÃO METEOROLÓGICA AUTOMATICA DE TOMÉ AÇU/PA,38.00,02°24'S,48°09'W,-2.592606,-48.360585,2549,,43.00,A213
261,ESTAÇÃO METEOROLÓGICA AUTOMATICA DE RONDON DO PARÁ/PA,221.00,04°47'S,48°04'W,-4.827501,-48.173556,2518,,203.00,A214
255,ESTAÇÃO METEOROLÓGICA AUTOMATICA DE CASTANHAL/PA,65.00,01°18'S,47°55'W,-1.300875,-47.947967,2452,,47.00,A202
211,ESTAÇÃO METEOROLÓGICA AUTOMATICA DE GILBUÉS/PI,425.00,09°52'S,45°20'W,-9.875196,-45.345805,3456,,425.00,A364
206,ESTAÇÃO METEOROLÓGICA AUTOMATICA DE URUÇUI/PI,393.00,07°28'S,44°20'W,-7.441420,-44.345055,3583,,399.00,A346
197,ESTAÇÃO METEOROLÓGICA AUTOMATICA DE BOM JESUS DO PIAUI/PI,331.00,09°05'S,44°19'W,-9.083251,-44.326470,3397,,296.00,A326
201,ESTAÇÃO METEOROLÓGICA AUTOMATICA DE ALVORADA DO GURGUÉIA/PI,270.00,08°26'S,43°51'W,-8.441598,-43.865443,3374,,261.00,A336
212,ESTAÇÃO METEOROLÓGICA AUTOMATICA DE CANTO DO BURITI/PI,308.00,08°07'S,42°58'W,-8.117939,-42.975721,3415,,312.00,A365
209,ESTAÇÃO METEOROLÓGICA AUTOMATICA DE SÃO PEDRO DO PIAUÍ/PI,287.00,05°54'S,42°43'W,-5.911033,-42.718729,3570,,296.00,A362
205,ESTAÇÃO METEOROLÓGICA AUTOMATICA DE S. RAIMUNDO NONATO/PI,402.00,09°01'S,42°42'W,-9.033211,-42.701112,3571,,383.00,A345
203,ESTAÇÃO METEOROLÓGICA AUTOMATICA DE ESPERANTINA/PI,65.00,03°54'S,42°14'W,-3.899365,-42.259483,3445,,88.00,A338
207,ESTAÇÃO METEOROLÓGICA AUTOMATICA DE OEIRAS/PI,156.00,06°58'S,42°08'W,-6.974135,-42.146831,3508,,154.00,A354
200,ESTAÇÃO METEOROLÓGICA AUTOMATICA DE PIRIPIRI/PI,161.20,04°15'S,41°46'W,-4.276047,-41.794568,3529,,158.00,A335
210,ESTAÇÃO METEOROLÓGICA AUTOMATICA DE VALENÇA DO PIAUÍ/PI,301.00,06°23'S,41°44'W,-6.399274,-41.739953,3584,,313.00,A363
204,ESTAÇÃO METEOROLÓGICA AUTOMATICA DE PICOS/PI,233.00,07°04'S,41°24'W,-7.071016,-41.404042,3525,,233.00,A343
198,ESTAÇÃO METEOROLÓGICA AUTOMATICA DE PAULISTANA/PI,374.22,08°04'S,41°04'W,-8.132288,-41.142945,3521,,376.00,A330
222,ESTAÇÃO METEOROLÓGICA AUTOMATICA DE POÇO VERDE/SE,362.00,10°44'S,38°06'W,-10.738020,-38.108389,5403,,367.00,A419
217,ESTAÇÃO METEOROLÓGICA AUTOMATICA DE APODI/RN,150.00,05°40'S,37°47'W,-5.626559,-37.814991,3691,,131.00,A340
223,ESTAÇÃO METEOROLÓGICA AUTOMATICA DE CARIRA/SE,308.00,10°23'S,37°44'W,-10.399719,-37.747503,5362,,290.00,A420
216,ESTAÇÃO METEOROLÓGICA AUTOMATICA DE MOSSORÓ/RN,36.00,05°12'S,37°18'W,-4.904087,-37.366943,3768,,29.00,A318
214,ESTAÇÃO METEOROLÓGICA AUTOMATICA DE CAICÓ/RN,169.85,06°27'S,37°05'W,-6.467474,-37.084931,3704,,171.00,A316
220,ESTAÇÃO METEOROLÓGICA AUTOMATICA DE ARACAJÚ/SE,4.72,10°57'S,37°03'W,-10.952413,-37.054330,5352,,4.00,A409
224,ESTAÇÃO METEOROLÓGICA AUTOMATICA DE BREJO GRANDE/SE,10.00,10°25'S,36°28'W,-10.473959,-36.482051,5357,,6.00,A421
219,ESTAÇÃO METEOROLÓGICA AUTOMATICA DE SANTA CRUZ/RN,237.00,06°13'S,36°01'W,-6.227922,-36.026587,3802,,227.00,A367
218,ESTAÇÃO METEOROLÓGICA AUTOMATICA DE CALCANHAR/RN,17.00,05°09'S,35°27'W,-5.159925,-35.487616,3840,,10.00,A344
252,ESTAÇÃO METEOROLÓGICA AUTOMATICA DE PORTO GRANDE/AP,77.00,00°42'N,51°25'W,0.000000,0.000000,213,,0.00,A244
282,ESTAÇÃO METEOROLÓGICA AUTOMATICA DE CACOAL/RO,210.00,11°26'S,61°26'W,-11.445837,-61.434146,4353,,184.00,A939
284,ESTAÇÃO METEOROLÓGICA AUTOMATICA DE BOA VISTA/RR,94.00,2°49'N,60°41'W,2.816897,-60.690821,4399,,82.00,A135
281,ESTAÇÃO METEOROLÓGICA AUTOMATICA DE VILHENA/RO,590.00,12°44'S,60°09'W,-12.734862,-60.157784,4396,,583.00,A938
267,ESTAÇÃO METEOROLÓGICA AUTOMATICA DE ITAITUBA/PA,131.00,04°16'S,55°59'W,-4.276978,-55.993087,2474,,24.00,A231
268,ESTAÇÃO METEOROLÓGICA AUTOMATICA DE ÓBIDOS/PA,96.00,05°21'S,49°07'W,-1.880789,-55.519856,2497,,90.00,A232
279,ESTAÇÃO METEOROLÓGICA AUTOMATICA DE SANTARÉM/PA,137.00,02°50'S,54°72'W,-2.502572,-54.720279,2529,,137.00,A250
273,ESTAÇÃO METEOROLÓGICA AUTOMATICA DE MONTE ALEGRE/PA,96.00,02°00'S,54°04'W,-2.000054,-54.076479,2490,,101.00,A239
269,ESTAÇÃO METEOROLÓGICA AUTOMATICA DE SANTANA DO ARAGUAIA/PA,168.00,09°20'S,50°21'W,-9.338611,-50.350280,2528,,177.00,A233
266,ESTAÇÃO METEOROLÓGICA AUTOMATICA DE SERRA DOS CARAJÁS/PA,719.00,06°04'S,50°08'W,-6.077427,-50.142265,2505,,707.00,A230
271,ESTAÇÃO METEOROLÓGICA AUTOMATICA DE NOVO REPARTIMENTO/PA,113.00,04°15'S,49°55'W,-4.243989,-49.939308,2496,,101.00,A235
294,ESTAÇÃO METEOROLÓGICA AUTOMATICA DE MARIANOPOLID DO TO/TO,203.00,09°34'S,49°43'W,-9.576389,-49.723330,5497,,187.00,A041
265,ESTAÇÃO METEOROLÓGICA AUTOMATICA DE TUCURUÍ/PA,148.00,03°49'S,49°40'W,-3.822760,-49.674956,2553,,138.00,A229
299,ESTAÇÃO METEOROLÓGICA AUTOMATICA DE PIUM/TO,161.00,10°47'S,49°62'W,-10.476944,-49.629475,5525,,161.00,A051
292,ESTAÇÃO METEOROLÓGICA AUTOMATICA DE FORMOSO DO ARAGUAIA/TO,220.00,11°53'S,49°36'W,-11.887377,-49.608215,5478,,215.00,A039
320,ESTAÇÃO METEOROLÓGICA AUTOMATICA DE ITUIUTABA/MG,560.00,18°57'S,49°30'W,-18.952907,-49.525072,1950,,540.00,A512
327,ESTAÇÃO METEOROLÓGICA AUTOMATICA DE CAMPINA VERDE/MG,555.20,19°32'S,49°32'W,-19.539210,-49.518133,1684,,559.00,A519
272,ESTAÇÃO METEOROLÓGICA AUTOMATICA DE CAMETÁ/PA,22.00,02°14'S,49°29'W,-2.239653,-49.499827,2448,,10.00,A236
275,ESTAÇÃO METEOROLÓGICA AUTOMATICA DE C. DO ARAGUAIA/PA,180.00,08°15'S,49°16'W,-8.303610,-49.282770,2455,,176.00,A241
288,ESTAÇÃO METEOROLÓGICA AUTOMATICA DE GURUPI/TO,287.00,11°44'S,49°02'W,-11.745782,-49.049703,5483,,279.00,A019
297,ESTAÇÃO METEOROLÓGICA AUTOMATICA DE SANTA FE DO ARAGUAIA/TO,171.00,07°12'S,48°78'W,-7.124191,-48.781267,5540,,171.00,A048
287,ESTAÇÃO METEOROLÓGICA AUTOMATICA DE PEIXE/TO,242.00,12°01'S,48°33'W,-12.015377,-48.544517,5521,,251.00,A018
285,ESTAÇÃO METEOROLÓGICA AUTOMATICA DE PALMAS/TO,280.00,10°11'S,48°18'W,-10.190744,-48.301811,5513,,292.00,A009
315,ESTAÇÃO METEOROLÓGICA AUTOMATICA DE UBERLÂNDIA/MG,869.00,18°55'S,48°15'W,-18.917072,-48.255657,2388,,875.00,A507
290,ESTAÇÃO METEOROLÓGICA AUTOMATICA DE ARAGUAÍNA/TO,226.00,07°06'S,48°12'W,-7.103954,-48.201231,5436,,231.00,A021
289,ESTAÇÃO METEOROLÓGICA AUTOMATICA DE PEDRO AFONSO/TO,189.00,08°58'S,48°11'W,-8.968677,-48.177259,5520,,190.00,A020
296,ESTAÇÃO METEOROLÓGICA AUTOMATICA DE ARAGUATINS/TO,117.00,05°38'S,48°06'W,-5.643725,-48.111839,5438,,131.00,A044
286,ESTAÇÃO METEOROLÓGICA AUTOMATICA DE PARANÃ/TO,280.00,12°36'S,47°52'W,-12.614893,-47.871917,5518,,285.00,A010
262,ESTAÇÃO METEOROLÓGICA AUTOMATICA DE SALINÓPOLIS/PA,21.00,00°37'S,47°21'W,-0.618884,-47.356596,2520,,23.00,A215
298,ESTAÇÃO METEOROLÓGICA AUTOMATICA DE RIO SONO/TO,291.00,09°16'S,47°13'W,-9.793363,-47.132732,5537,,291.00,A050
278,ESTAÇÃO METEOROLÓGICA AUTOMATICA DE CAPITAO POÇO/PA,81.00,01°44'S,47°03'W,-1.734766,-47.057500,2451,,79.00,A248
313,ESTAÇÃO METEOROLÓGICA AUTOMATICA DE ARAXÁ/MG,1020.00,19°36'S,46°56'W,-19.605696,-46.949617,1607,,1018.00,A505
263,ESTAÇÃO METEOROLÓGICA AUTOMATICA DE BRAGANÇA/PA,33.00,01°04'S,46°46'W,-1.047258,-46.785790,2440,,41.00,A226
295,ESTAÇÃO METEOROLÓGICA AUTOMATICA DE CAMPOS LINDOS/TO,425.00,08°09'S,46°38'W,-8.154665,-46.639323,5454,,427.00,A043
324,ESTAÇÃO METEOROLÓGICA AUTOMATICA DE PASSOS/MG,784.00,20°44'S,46°38'W,-20.745237,-46.633916,2123,,782.00,A516
293,ESTAÇÃO METEOROLÓGICA AUTOMATICA DE MATEIROS/TO,798.00,10°25'S,45°55'W,-10.434441,-45.921941,5498,,791.00,A040
323,ESTAÇÃO METEOROLÓGICA AUTOMATICA DE VARGINHA/MG,955.00,21°34'S,45°24'W,-21.566513,-45.404300,2398,,950.00,A515
322,ESTAÇÃO METEOROLÓGICA AUTOMATICA DE S.J.DEL REI/MG,991.00,21°06'S,44°15'W,-21.106502,-44.250928,2294,,930.00,A514
314,ESTAÇÃO METEOROLÓGICA AUTOMATICA DE MONTES CLAROS/MG,646.29,16°43'S,43°52'W,-16.686316,-43.843763,2064,,646.00,A506
321,ESTAÇÃO METEOROLÓGICA AUTOMATICA DE OURO BRANCO/MG,1061.00,20°31'S,43°41'W,-20.556592,-43.756220,2101,,1048.00,A513
326,ESTAÇÃO METEOROLÓGICA AUTOMATICA DE JUÍZ DE FORA/MG,950.00,21°46'S,43°21'W,-21.769965,-43.364329,1982,,937.00,A518
318,ESTAÇÃO METEOROLÓGICA AUTOMATICA DE VIÇOSA/MG,712.20,20°46'S,42°52'W,-20.762607,-42.864013,2408,,698.00,A510
319,ESTAÇÃO METEOROLÓGICA AUTOMATICA DE TIMÓTEO/MG,333.00,19°34'S,42°38'W,-19.573824,-42.622413,2370,,493.00,A511
308,ESTAÇÃO METEOROLÓGICA AUTOMATICA DE ALEGRE/ES,138.00,20°45'S,41°29'W,-20.750412,-41.488852,4,,129.00,A617
311,ESTAÇÃO METEOROLÓGICA AUTOMATICA DE AFONSO CLAUDIO/ES,520.00,20°06'S,41°06'W,-20.104194,-41.106861,1,,507.00,A657
309,ESTAÇÃO METEOROLÓGICA AUTOMATICA DE PRES. KENNEDY/ES,80.00,21°06'S,41°02'W,-21.100805,-41.039395,59,,69.00,A622
316,ESTAÇÃO METEOROLÓGICA AUTOMATICA DE ALMENARA/MG,208.00,16°16'S,40°40'W,-16.166773,-40.687756,1581,,189.00,A508
304,ESTAÇÃO METEOROLÓGICA AUTOMATICA DE SANTA TERESA/ES,988.00,19°59'S,40°34'W,-19.988388,-40.579572,64,,976.00,A613
310,ESTAÇÃO METEOROLÓGICA AUTOMATICA DE NOVA VENECIA/ES,154.00,18°41'S,40°23'W,-18.695265,-40.390572,53,,156.00,A623
303,ESTAÇÃO METEOROLÓGICA AUTOMATICA DE VITÓRIA/ES,9.00,20°16'S,40°18'W,-20.271094,-40.306069,78,,9.00,A612
307,ESTAÇÃO METEOROLÓGICA AUTOMATICA DE SÃO MATEUS/ES,39.00,18°42'S,39°50'W,-18.676198,-39.864051,68,,29.00,A616
333,ESTAÇÃO METEOROLÓGICA AUTOMATICA DE SACRAMENTO/MG,912.00,19°53'S,47°26'W,-19.875271,-47.434102,2224,,913.00,A525
354,ESTAÇÃO METEOROLÓGICA AUTOMATICA DE GUARDA-MOR/MG,616.00,17°48'S,47°01'W,-17.561349,-47.199251,1888,,997.00,A546
368,ESTAÇÃO METEOROLÓGICA AUTOMATICA DE SÃO SEBASTIAO DO PARAÍSO/MG,845.00,20°91'S,47°11'W,-20.909892,-47.114259,2324,,845.00,A561
331,ESTAÇÃO METEOROLÓGICA AUTOMATICA DE PATROCÍNIO/MG,976.00,19°00'S,46°58'W,-18.996684,-46.985935,2126,,978.00,A523
392,ESTAÇÃO METEOROLÓGICA AUTOMATICA DE SAO PAULO/SP,792.06,23°30'S,46°37'W,-23.496294,-46.620088,5269,,786.00,A701
352,ESTAÇÃO METEOROLÓGICA AUTOMATICA DE BURITIS/MG,894.00,15°31'S,46°26'W,-15.524262,-46.435536,1664,,894.00,A544
338,ESTAÇÃO METEOROLÓGICA AUTOMATICA DE CALDAS/MG,1150.00,21°55'S,46°22'W,-21.918066,-46.382996,1676,,1077.00,A530
356,ESTAÇÃO METEOROLÓGICA AUTOMATICA DE CHAPADA GAÚCHA/MG,880.00,15°18'S,45°37'W,-15.300159,-45.617431,1741,,873.00,A548
344,ESTAÇÃO METEOROLÓGICA AUTOMATICA DE DORES DO INDAIÁ/MG,722.00,19°28'S,45°35'W,-19.481935,-45.593932,1823,,721.00,A536
336,ESTAÇÃO METEOROLÓGICA AUTOMATICA DE TRÊS MARIAS/MG,921.00,18°12'S,45°28'W,-18.200855,-45.459836,2378,,931.00,A528
332,ESTAÇÃO METEOROLÓGICA AUTOMATICA DE FORMIGA/MG,873.00,20°27'S,45°27'W,-20.454930,-45.453825,1854,,878.00,A524
355,ESTAÇÃO METEOROLÓGICA AUTOMATICA DE SÃO ROMÃO/MG,460.00,16°22'S,45°04'W,-16.362747,-45.123801,2317,,490.00,A547
367,ESTAÇÃO METEOROLÓGICA AUTOMATICA DE POMPEU/MG,705.00,19°24'S,45°00'W,-19.239555,-45.008187,2171,,705.00,A560
337,ESTAÇÃO METEOROLÓGICA AUTOMATICA DE PASSA QUATRO/MG,1040.00,22°23'S,44°57'W,-22.395799,-44.961909,2119,,1017.00,A529
353,ESTAÇÃO METEOROLÓGICA AUTOMATICA DE PIRAPORA/MG,503.00,17°20'S,44°56'W,-17.258064,-44.835600,2163,,505.00,A545
346,ESTAÇÃO METEOROLÓGICA AUTOMATICA DE CURVELO/MG,670.00,18°44'S,44°27'W,-18.747711,-44.453785,1796,,669.00,A538
378,ESTAÇÃO METEOROLÓGICA AUTOMATICA DE RESENDE/RJ,439.89,22°27'S,44°27'W,-22.450924,-44.444786,3652,,439.00,A609
343,ESTAÇÃO METEOROLÓGICA AUTOMATICA DE FLORESTAL/MG,742.00,19°53'S,44°25'W,-19.885398,-44.416883,1853,,754.00,A535
366,ESTAÇÃO METEOROLÓGICA AUTOMATICA DE JANUARIA/MG,480.00,15°44'S,44°36'W,-15.448089,-44.366313,1962,,468.00,A559
369,ESTAÇÃO METEOROLÓGICA AUTOMATICA DE SETE LAGOAS/MG,719.00,19°45'S,44°17'W,-19.455288,-44.173380,2353,,719.00,A569
347,ESTAÇÃO METEOROLÓGICA AUTOMATICA DE MOCAMBINHO/MG,460.00,15°05'S,44°00'W,-15.085958,-44.016036,2175,,454.00,A539
329,ESTAÇÃO METEOROLÓGICA AUTOMATICA DE BELO HOR. (PAMPULHA)/MG,869.00,19°53'S,43°58'W,-19.883945,-43.969397,1629,,854.00,A521
370,ESTAÇÃO METEOROLÓGICA AUTOMATICA DE BELO HORIZONTE - CERCADINHO/MG,1214.00,19°97'S,43°95'W,-19.980034,-43.958651,1629,,1200.00,F501
380,ESTAÇÃO METEOROLÓGICA AUTOMATICA DE VALENÇA/RJ,367.00,22°21'S,43°42'W,-22.358094,-43.695656,3678,,367.00,A611
371,ESTAÇÃO METEOROLÓGICA AUTOMATICA DE ECOLOGIA AGRÍCOLA/RJ,34.00,22°48'S,43°41'W,-22.757868,-43.684843,3671,,35.00,A601
372,ESTAÇÃO METEOROLÓGICA AUTOMATICA DE MARAMBAIA/RJ,9.70,23°03'S,43°36'W,-23.050334,-43.595685,3657,,9.00,A602
384,ESTAÇÃO METEOROLÓGICA AUTOMATICA DE VILA MILITAR/RJ,45.00,22°51'S,43°24'W,-22.861322,-43.411410,3657,,30.00,A621
389,ESTAÇÃO METEOROLÓGICA AUTOMATICA DE JACAREPAGUA/RJ,19.00,22°59'S,43°22'W,-22.939883,-43.402897,3657,,20.00,A636
379,ESTAÇÃO METEOROLÓGICA AUTOMATICA DE PICO DO COUTO/RJ,1777.00,22°27'S,43°17'W,-22.464889,-43.291505,3644,,1758.00,A610
365,ESTAÇÃO METEOROLÓGICA AUTOMATICA DE CORONEL PACHECO/MG,431.00,21°54'S,43°26'W,-21.546728,-43.261029,1779,,411.00,A557
386,ESTAÇÃO METEOROLÓGICA AUTOMATICA DE TRÊS RIOS /RJ,305.00,22°09'S,43°20'W,-22.098391,-43.208574,3677,,305.00,A625
388,ESTAÇÃO METEOROLÓGICA AUTOMATICA DE FORTE DE COPACABANA/RJ,45.00,22°59'S,43°11'W,-22.988286,-43.190436,3657,,26.00,A652
341,ESTAÇÃO METEOROLÓGICA AUTOMATICA DE GUANHÃES/MG,860.00,18°47'S,42°56'W,-18.786842,-42.942921,1881,,853.00,A533
351,ESTAÇÃO METEOROLÓGICA AUTOMATICA DE ESPINOSA/MG,570.00,14°54'S,42°50'W,-14.912284,-42.808473,1836,,565.00,A543
385,ESTAÇÃO METEOROLÓGICA AUTOMATICA DE NOVA FRIBURGO/RJ,1046.00,22°19'S,42°40'W,-22.334839,-42.676932,3638,,1065.00,A624
391,ESTAÇÃO METEOROLÓGICA AUTOMATICA DE SAQUAREMA/RJ,16.00,22°87'S,42°60'W,-22.871321,-42.609219,3670,,26.00,A667
390,ESTAÇÃO METEOROLÓGICA AUTOMATICA DE SILVA JARDIM/RJ,19.00,22°64'S,42°41'W,-22.645911,-42.415775,3672,,19.00,A659
349,ESTAÇÃO METEOROLÓGICA AUTOMATICA DE CAPELINHA/MG,932.00,17°42'S,42°23'W,-17.705504,-42.389256,1698,,932.00,A541
360,ESTAÇÃO METEOROLÓGICA AUTOMATICA DE SALINAS/MG,495.00,16°10'S,42°17'W,-16.160327,-42.310266,2225,,487.00,A552
362,ESTAÇÃO METEOROLÓGICA AUTOMATICA DE CARATINGA/MG,615.00,19°44'S,42°08'W,-19.735757,-42.137146,1710,,609.00,A554
375,ESTAÇÃO METEOROLÓGICA AUTOMATICA DE ARRAIAL DO CABO/RJ,4.00,22°58'S,42°00'W,-22.975468,-42.021450,3595,,3.00,A606
340,ESTAÇÃO METEOROLÓGICA AUTOMATICA DE GOVERNADOR VALADARES/MG,263.00,18°47'S,41°59'W,-18.830354,-41.977007,1878,,198.00,A532
374,ESTAÇÃO METEOROLÓGICA AUTOMATICA DE CAMBUCÍ/RJ,35.00,21°34'S,41°57'W,-21.587729,-41.958327,3603,,60.00,A604
335,ESTAÇÃO METEOROLÓGICA AUTOMATICA DE TEÓFILO OTONI/MG,475.00,17°54'S,41°31'W,-17.892840,-41.515423,2369,,467.00,A527
358,ESTAÇÃO METEOROLÓGICA AUTOMATICA DE ITAOBIM/MG,266.00,16°33'S,41°30'W,-16.575667,-41.485588,1940,,272.00,A550
357,ESTAÇÃO METEOROLÓGICA AUTOMATICA DE ÁGUAS VERMELHAS/MG,740.00,15°41'S,41°26'W,-15.751536,-41.457787,1573,,754.00,A549
342,ESTAÇÃO METEOROLÓGICA AUTOMATICA DE AIMORES/MG,83.74,19°28'S,41°03'W,-19.532768,-41.090801,1574,,288.00,A534
376,ESTAÇÃO METEOROLÓGICA AUTOMATICA DE CAMPOS/RJ,25.00,21°42'S,41°21'W,-22.041647,-41.051871,3604,,7.00,A620
348,ESTAÇÃO METEOROLÓGICA AUTOMATICA DE MANTENA/MG,213.50,18°48'S,40°56'W,-18.780620,-40.986505,2019,,255.00,A540
330,ESTAÇÃO METEOROLÓGICA AUTOMATICA DE SERRA DOS AIMORES/MG,208.00,17°48'S,40°15'W,-17.798799,-40.249933,2348,,212.00,A522
451,ESTAÇÃO METEOROLÓGICA AUTOMATICA DE SANT. DO LIVRAMENTO/RS,328.00,30°50'S,55°36'W,-30.842449,-55.613089,4219,,328.00,A804
436,ESTAÇÃO METEOROLÓGICA AUTOMATICA DE FOZ DO IGUAÇU/PR,321.00,25°36'S,54°29'W,-25.601834,-54.483065,2903,,235.00,A846
427,ESTAÇÃO METEOROLÓGICA AUTOMATICA DE Mal. CANDIDO RONDON/PR,392.00,24°32'S,54°01'W,-24.533303,-54.019248,2987,,392.00,A820
452,ESTAÇÃO METEOROLÓGICA AUTOMATICA DE STO. AUGUSTO/RS,550.00,27°51'S,53°47'W,-27.854345,-53.791179,4226,,490.00,A805
440,ESTAÇÃO METEOROLÓGICA AUTOMATICA DE PLANALTO/PR,398.00,25°43'S,53°44'W,-25.721863,-53.747920,3058,,399.00,A855
431,ESTAÇÃO METEOROLÓGICA AUTOMATICA DE ICARAÍMA/PR,385.00,23°23'S,53°38'W,-23.390380,-53.635933,2926,,381.00,A824
457,ESTAÇÃO METEOROLÓGICA AUTOMATICA DE CAÇAPAVA DO SUL/RS,420.00,30°32'S,53°28'W,-30.545317,-53.467050,3907,,421.00,A812
435,ESTAÇÃO METEOROLÓGICA AUTOMATICA DE DOIS VIZINHOS/PR,520.00,25°41'S,53°05'W,-25.699063,-53.095273,2882,,546.00,A843
441,ESTAÇÃO METEOROLÓGICA AUTOMATICA DE CIDADE GAÚCHA/PR,381.00,23°22'S,52°55'W,-23.359156,-52.931912,2860,,366.00,A869
456,ESTAÇÃO METEOROLÓGICA AUTOMATICA DE CANGUÇU/RS,464.00,31°24'S,52°42'W,-31.403299,-52.700699,3927,,447.00,A811
447,ESTAÇÃO METEOROLÓGICA AUTOMATICA DE CLEVELANDIA/PR,980.00,26°25'S,52°20'W,-26.417200,-52.348741,2861,,966.00,A876
449,ESTAÇÃO METEOROLÓGICA AUTOMATICA DE RIO GRANDE/RS,2.46,32°01'S,52°06'W,-32.078780,-52.167738,4191,,5.00,A802
439,ESTAÇÃO METEOROLÓGICA AUTOMATICA DE PARANAPOEMA/PR,311.00,22°39'S,52°08'W,-22.658273,-52.134526,3038,,309.00,A850
433,ESTAÇÃO METEOROLÓGICA AUTOMATICA DE MARINGA/PR,542.00,23°24'S,51°55'W,-23.405357,-51.932828,2993,,549.00,A835
395,ESTAÇÃO METEOROLÓGICA AUTOMATICA DE PRESIDENTE PRUDENTE/SP,435.55,22°07'S,51°24'W,-22.119867,-51.408637,5171,,432.00,A707
446,ESTAÇÃO METEOROLÓGICA AUTOMATICA DE Gen. CARNEIRO/PR,1018.00,26°23'S,51°21'W,-26.398473,-51.353670,2907,,1009.00,A875
430,ESTAÇÃO METEOROLÓGICA AUTOMATICA DE INÁCIO MARTINS/PR,1260.00,25°33'S,51°05'W,-25.567879,-51.077946,2931,,1209.00,A823
403,ESTAÇÃO METEOROLÓGICA AUTOMATICA DE RANCHARIA/SP,350.00,22°22'S,50°58'W,-22.372832,-50.974710,5180,,399.00,A718
410,ESTAÇÃO METEOROLÓGICA AUTOMATICA DE VALPARAISO/SP,374.00,21°19'S,50°55'W,-21.319138,-50.930158,5337,,382.00,A734
425,ESTAÇÃO METEOROLÓGICA AUTOMATICA DE IVAÍ/PR,808.00,25°00'S,50°51'W,-25.010757,-50.853853,2946,,804.00,A818
434,ESTAÇÃO METEOROLÓGICA AUTOMATICA DE NOVA FÁTIMA/PR,668.00,23°24'S,50°34'W,-23.415284,-50.577744,3018,,664.00,A842
445,ESTAÇÃO METEOROLÓGICA AUTOMATICA DE SÃO MATEUS DO SUL/PR,788.00,25°50'S,50°22'W,-25.835604,-50.368994,3136,,780.00,A874
443,ESTAÇÃO METEOROLÓGICA AUTOMATICA DE VENTANIA/PR,1106.00,24°16'S,50°12'W,-24.280394,-50.210150,3175,,1093.00,A872
426,ESTAÇÃO METEOROLÓGICA AUTOMATICA DE CASTRO/PR,1007.76,24°47'S,49°59'W,-24.786954,-49.999266,2853,,994.00,A819
408,ESTAÇÃO METEOROLÓGICA AUTOMATICA DE VOTUPORANGA/SP,486.00,20°24'S,49°57'W,-20.403221,-49.966031,5348,,510.00,A729
428,ESTAÇÃO METEOROLÓGICA AUTOMATICA DE JOAQUIM TÁVORA/PR,522.00,23°30'S,49°56'W,-23.505266,-49.946387,2962,,513.00,A821
411,ESTAÇÃO METEOROLÓGICA AUTOMATICA DE JOSÉ BONIFÁCIO/SP,405.00,21°02'S,49°41'W,-21.085675,-49.920388,4997,,408.00,A735
406,ESTAÇÃO METEOROLÓGICA AUTOMATICA DE LINS/SP,459.00,21°39'S,49°44'W,-21.666045,-49.734854,5012,,461.00,A727
453,ESTAÇÃO METEOROLÓGICA AUTOMATICA DE TORRES/RS,4.66,29°21'S,49°43'W,-29.350359,-49.733263,4299,,8.00,A808
424,ESTAÇÃO METEOROLÓGICA AUTOMATICA DE CURITIBA/PR,923.50,25°26'S,49°13'W,-25.448688,-49.230602,2877,,923.00,A807
393,ESTAÇÃO METEOROLÓGICA AUTOMATICA DE BAURU/SP,550.00,22°18'S,49°42'W,-22.358052,-49.028877,4772,,636.00,A705
400,ESTAÇÃO METEOROLÓGICA AUTOMATICA DE ITAPEVA/SP,707.00,23°58'S,48°51'W,-23.981918,-48.885818,4963,,743.00,A714
412,ESTAÇÃO METEOROLÓGICA AUTOMATICA DE ARIRANHA/SP,525.00,21°07'S,48°50'W,-21.132937,-48.840426,4747,,525.00,A736
444,ESTAÇÃO METEOROLÓGICA AUTOMATICA DE MORRETES/PR,59.00,25°30'S,48°48'W,-25.508935,-48.808681,3009,,50.00,A873
413,ESTAÇÃO METEOROLÓGICA AUTOMATICA DE IBITINGA/SP,492.00,21°51'S,48°48'W,-21.855567,-48.799717,4931,,497.00,A737
421,ESTAÇÃO METEOROLÓGICA AUTOMATICA DE BARRETOS/SP,533.00,20°33'S,48°32'W,-20.559175,-48.544997,4767,,534.00,A748
419,ESTAÇÃO METEOROLÓGICA AUTOMATICA DE BARRA DO TURVO/SP,667.00,24°57'S,48°24'W,-24.962819,-48.416379,4766,,660.00,A746
437,ESTAÇÃO METEOROLÓGICA AUTOMATICA DE ILHA DO MEL/PR,1.00,25°29'S,48°19'W,-25.494522,-48.326041,3037,,4.00,A847
420,ESTAÇÃO METEOROLÓGICA AUTOMATICA DE PRADÓPOLIS/SP,544.00,21°20'S,48°06'W,-21.338432,-48.114007,5165,,540.00,A747
397,ESTAÇÃO METEOROLÓGICA AUTOMATICA DE SÃO CARLOS/SP,863.00,21°57'S,47°52'W,-21.980353,-47.883927,5253,,859.00,A711
422,ESTAÇÃO METEOROLÓGICA AUTOMATICA DE ITUVERAVA/SP,600.00,20°21'S,47°46'W,-20.359760,-47.775220,4981,,611.00,A753
405,ESTAÇÃO METEOROLÓGICA AUTOMATICA DE PIRACICABA/SP,573.00,22°42'S,47°37'W,-22.703132,-47.623317,5140,,566.00,A726
398,ESTAÇÃO METEOROLÓGICA AUTOMATICA DE IGUAPE/SP,3.00,24°42'S,47°33'W,-24.671654,-47.545896,4938,,3.00,A712
396,ESTAÇÃO METEOROLÓGICA AUTOMATICA DE FRANCA/SP,1026.00,20°34'S,47°22'W,-20.584475,-47.382549,4892,,1003.00,A708
414,ESTAÇÃO METEOROLÓGICA AUTOMATICA DE CASA BRANCA/SP,730.00,21°46'S,47°04'W,-21.780560,-47.075280,4828,,734.00,A738
415,ESTAÇÃO METEOROLÓGICA AUTOMATICA DE ITAPIRA/SP,633.00,22°24'S,46°48'W,-22.415062,-46.805292,4965,,635.00,A739
394,ESTAÇÃO METEOROLÓGICA AUTOMATICA DE CAMPOS DO JORDÃO/SP,1642.00,22°45'S,45°36'W,-22.750231,-45.603836,4815,,1663.00,A706
407,ESTAÇÃO METEOROLÓGICA AUTOMATICA DE TAUBATÉ/SP,571.00,23°02'S,45°31'W,-23.041668,-45.520841,5311,,582.00,A728
416,ESTAÇÃO METEOROLÓGICA AUTOMATICA DE S LUIS DO PARAITINGA/SP,874.00,23°13'S,45°25'W,-23.228362,-45.417055,5266,,862.00,A740
432,ESTAÇÃO METEOROLÓGICA AUTOMATICA DE GOIOÊRE/PR,468.00,24°11'S,53°01'W,0.000000,0.000000,2909,,0.00,A003
229,ESTAÇÃO METEOROLÓGICA AUTOMATICA DE MARECHAL THAUMATURGO/AC,230.00,08°57'S,72°47'W,-8.950008,-72.786778,90,,221.00,A137
225,ESTAÇÃO METEOROLÓGICA AUTOMATICA DE PRQ. EST. CHANDLESS/AC,206.00,09°21'S,69°56'W,-9.358353,-69.926257,89,,185.00,A102
234,ESTAÇÃO METEOROLÓGICA AUTOMATICA DE BOCA DO ACRE/AM,111.00,08°46'S,67°19'W,-8.776804,-67.332557,231,,112.00,A110
280,ESTAÇÃO METEOROLÓGICA AUTOMATICA DE PORTO VELHO/RO,95.00,08°45'S,63°28'W,-8.793662,-63.845931,4381,,87.00,A925
283,ESTAÇÃO METEOROLÓGICA AUTOMATICA DE ARIQUEMES/RO,140.00,09°56'S,62°57'W,-9.949001,-62.961873,4349,,128.00,A940
247,ESTAÇÃO METEOROLÓGICA AUTOMATICA DE BARCELOS/AM,17.00,00°59'S,62°55'W,-0.987292,-62.924251,226,,30.00,A128
237,ESTAÇÃO METEOROLÓGICA AUTOMATICA DE APUI/AM,168.00,07°12'S,59°53'W,-7.205475,-59.888561,223,,157.00,A113
75,ESTAÇÃO METEOROLÓGICA AUTOMATICA DE VILA BELA DA S.TRIND/MT,222.00,15°03'S,59°52'W,-15.062696,-59.872921,1484,,213.00,A922
72,ESTAÇÃO METEOROLÓGICA AUTOMATICA DE COTRIGUAÇÚ/MT,261.00,09°54'S,58°34'W,-9.906296,-58.572235,1382,,265.00,A919
459,ESTAÇÃO METEOROLÓGICA AUTOMATICA DE ALEGRETE/RS,121.00,29°42'S,55°31'W,-29.709083,-55.525486,3854,,121.00,A826
474,ESTAÇÃO METEOROLÓGICA AUTOMATICA DE S. LUIZ GONZAGA/RS,245.11,28°25'S,54°57'W,-28.417113,-54.962403,4248,,246.00,A852
466,ESTAÇÃO METEOROLÓGICA AUTOMATICA DE SANTIAGO/RS,394.00,29°11'S,54°53'W,-29.191599,-54.885653,4220,,390.00,A833
486,ESTAÇÃO METEOROLÓGICA AUTOMATICA DE SÃO VICENTE DO SUL/RS,134.00,29°70'S,54°69'W,-29.702111,-54.694319,4265,,134.00,A889
465,ESTAÇÃO METEOROLÓGICA AUTOMATICA DE SÃO GABRIEL/RS,126.00,30°20'S,54°19'W,-30.341438,-54.310909,4233,,115.00,A832
460,ESTAÇÃO METEOROLÓGICA AUTOMATICA DE BAGÉ/RS,230.00,31°20'S,54°00'W,-31.347801,-54.013292,3878,,226.00,A827
485,ESTAÇÃO METEOROLÓGICA AUTOMATICA DE TUPANCIRETA/RS,462.00,29°89'S,53°82'W,-29.089381,-53.826650,4314,,462.00,A886
496,ESTAÇÃO METEOROLÓGICA AUTOMATICA DE DIONÍSIO CERQUEIRA/SC,810.00,26°17'S,53°37'W,-26.286562,-53.633114,4491,,808.00,A848
498,ESTAÇÃO METEOROLÓGICA AUTOMATICA DE SÃO MIGUEL DO OESTE/SC,665.00,26°46'S,53°30'W,-26.776699,-53.504541,4666,,655.00,A857
476,ESTAÇÃO METEOROLÓGICA AUTOMATICA DE FREDERICO WESTPHALEN/RS,490.00,27°23'S,53°24'W,-27.395686,-53.429421,4021,,489.00,A854
488,ESTAÇÃO METEOROLÓGICA AUTOMATICA DE CHUÍ/RS,13.00,33°45'S,53°21'W,-33.742297,-53.372218,3955,,7.00,A899
477,ESTAÇÃO METEOROLÓGICA AUTOMATICA DE PALMEIRA DA MISSÕES/RS,631.00,27°55'S,53°19'W,-27.920379,-53.318049,4143,,614.00,A856
483,ESTAÇÃO METEOROLÓGICA AUTOMATICA DE IBIRUBA/RS,456.00,28°39'S,53°06'W,-28.653458,-53.111881,4048,,455.00,A883
492,ESTAÇÃO METEOROLÓGICA AUTOMATICA DE NOVO HORIZONTE/SC,960.00,26°24'S,52°51'W,-26.406499,-52.850366,4585,,944.00,A816
471,ESTAÇÃO METEOROLÓGICA AUTOMATICA DE PASSO FUNDO/RS,684.05,28°13'S,52°24'W,-28.226805,-52.403582,4153,,681.00,A839
499,ESTAÇÃO METEOROLÓGICA AUTOMATICA DE XANXERÊ/SC,889.00,26°56'S,52°24'W,-26.938666,-52.398090,4701,,879.00,A858
458,ESTAÇÃO METEOROLÓGICA AUTOMATICA DE RIO PARDO/RS,111.00,29°52'S,52°22'W,-29.872113,-52.381980,4192,,107.00,A813
487,ESTAÇÃO METEOROLÓGICA AUTOMATICA DE SERAFINA CORREA/RS,134.00,29°70'S,54°69'W,-28.704806,-51.870751,4275,,545.00,A894
470,ESTAÇÃO METEOROLÓGICA AUTOMATICA DE CAMAQUÃ/RS,90.66,30°48'S,51°50'W,-30.807953,-51.834240,3914,,92.00,A838
482,ESTAÇÃO METEOROLÓGICA AUTOMATICA DE TEUTONIA/RS,81.00,29°27'S,51°49'W,-29.450334,-51.824283,4295,,80.00,A882
494,ESTAÇÃO METEOROLÓGICA AUTOMATICA DE JOAÇABA/SC,776.00,27°10'S,51°33'W,-27.169268,-51.558963,4547,,768.00,A841
473,ESTAÇÃO METEOROLÓGICA AUTOMATICA DE LAGOA VERMELHA/RS,842.00,28°13'S,51°30'W,-28.222381,-51.512845,4078,,834.00,A844
484,ESTAÇÃO METEOROLÓGICA AUTOMATICA DE CAMPO BOM/RS,24.00,29°40'S,51°03'W,-29.674293,-51.064042,3920,,23.00,A884
500,ESTAÇÃO METEOROLÓGICA AUTOMATICA DE CAÇADOR/SC,952.00,26°49'S,50°50'W,-26.819156,-50.985520,4460,,944.00,A859
478,ESTAÇÃO METEOROLÓGICA AUTOMATICA DE MOSTARDAS/RS,10.00,31°14'S,50°54'W,-31.248279,-50.906279,4112,,4.00,A878
479,ESTAÇÃO METEOROLÓGICA AUTOMATICA DE CANELA/RS,830.00,29°22'S,50°49'W,-29.368788,-50.827231,3926,,831.00,A879
501,ESTAÇÃO METEOROLÓGICA AUTOMATICA DE CURITIBANOS/SC,982.00,27°17'S,50°36'W,-27.288624,-50.604283,4489,,978.00,A860
505,ESTAÇÃO METEOROLÓGICA AUTOMATICA DE MAJOR VIEIRA/SC,808.00,26°23'S,50°21'W,-26.393664,-50.363211,4566,,800.00,A864
506,ESTAÇÃO METEOROLÓGICA AUTOMATICA DE LAGES/SC,955.00,27°48'S,50°20'W,-27.802228,-50.335457,4552,,953.00,A865
467,ESTAÇÃO METEOROLÓGICA AUTOMATICA DE TRAMANDAI/RS,1.00,30°00'S,50°08'W,-30.010268,-50.135887,4300,,5.00,A834
462,ESTAÇÃO METEOROLÓGICA AUTOMATICA DE S. J. DOS AUSENTES/RS,1244.00,28°45'S,50°03'W,-28.748615,-50.057869,4245,,1229.00,A829
491,ESTAÇÃO METEOROLÓGICA AUTOMATICA DE SÃO JOAQUIM/SC,1410.00,28°16'S,49°56'W,-28.275640,-49.934617,4658,,1400.00,A815
503,ESTAÇÃO METEOROLÓGICA AUTOMATICA DE RIO NEGRINHO/SC,869.00,26°14'S,49°34'W,-26.248411,-49.580624,4630,,857.00,A862
508,ESTAÇÃO METEOROLÓGICA AUTOMATICA DE ARARANGUA/SC,12.00,28°57'S,49°29'W,-28.931353,-49.497920,4430,,2.00,A867
495,ESTAÇÃO METEOROLÓGICA AUTOMATICA DE BOM JARDIM DA SERRA/SC,1822.00,28°00'S,49°30'W,-28.126992,-49.479610,4450,,1790.00,A845
493,ESTAÇÃO METEOROLÓGICA AUTOMATICA DE INDAIAL/SC,86.13,26°54'S,49°16'W,-26.913704,-49.267978,4525,,72.00,A817
510,ESTAÇÃO METEOROLÓGICA AUTOMATICA DE RANCHO QUEIMADO/SC,881.00,27°67'S,49°04'W,-27.678507,-49.042027,4623,,881.00,A870
507,ESTAÇÃO METEOROLÓGICA AUTOMATICA DE SANTA MARTA/SC,52.00,28°36'S,48°48'W,-28.604414,-48.813313,4553,,34.00,A866
511,ESTAÇÃO METEOROLÓGICA AUTOMATICA DE MORRETOS/PR,59.00,25°30'S,48°48'W,-25.508935,-48.808681,3009,,50.00,A873
497,ESTAÇÃO METEOROLÓGICA AUTOMATICA DE ITAPOÁ/SC,2.00,26°04'S,48°38'W,-26.081303,-48.641774,4540,,6.00,A851
489,ESTAÇÃO METEOROLÓGICA AUTOMATICA DE FLORIANÓPOLIS/SC,1.80,27°36'S,48°36'W,-27.602530,-48.620096,4499,,5.00,A806
37,ESTAÇÃO METEOROLÓGICA AUTOMATICA DE PORTO MURTINHO/MS,85.00,21°42'S,57°33'W,-21.705850,-57.886546,1547,,79.00,A723
244,ESTAÇÃO METEOROLÓGICA AUTOMATICA DE URUCARA/AM,17.00,02°32'S,57°45'W,-2.534749,-57.758099,279,,18.00,A124
67,ESTAÇÃO METEOROLÓGICA AUTOMATICA DE JUARA/MT,260.00,11°16'S,57°31'W,-11.280158,-57.526641,1403,,263.00,A914
56,ESTAÇÃO METEOROLÓGICA AUTOMATICA DE TANGARÁ DA SERRA/MT,321.50,14°39'S,57°25'W,-14.650117,-57.431556,1475,,440.00,A902
454,ESTAÇÃO METEOROLÓGICA AUTOMATICA DE URUGUAIANA/RS,62.31,29°50'S,57°04'W,-29.839870,-57.081899,4321,,74.00,A809
387,ESTAÇÃO METEOROLÓGICA AUTOMATICA DE RIO CLARO/RJ,516.00,22°65'S,44°04'W,-13.453981,-56.677323,3654,,340.00,A903
464,ESTAÇÃO METEOROLÓGICA AUTOMATICA DE QUARAI/RS,124.00,30°22'S,56°26'W,-30.368578,-56.437115,4183,,113.00,A831
51,ESTAÇÃO METEOROLÓGICA AUTOMATICA DE JARDIM/MS,249.00,21°28'S,56°08'W,-21.478529,-56.137717,1530,,252.00,A758
463,ESTAÇÃO METEOROLÓGICA AUTOMATICA DE SÃO BORJA/RS,83.00,28°38'S,56°00'W,-28.650092,-56.016291,4229,,81.00,A830
77,ESTAÇÃO METEOROLÓGICA AUTOMATICA DE CARLINDA/MT,2900.00,10°00'S,55°47'W,-9.970586,-55.827543,1372,,294.00,A926
276,ESTAÇÃO METEOROLÓGICA AUTOMATICA DE MINA DO PALITO/PA,261.00,06°19'S,55°47'W,-6.320067,-55.787783,2474,,260.00,A246
28,ESTAÇÃO METEOROLÓGICA AUTOMATICA DE PONTA PORÃ/MS,650.00,22°32'S,55°32'W,-22.552448,-55.716317,1546,,668.00,A703
48,ESTAÇÃO METEOROLÓGICA AUTOMATICA DE SIDROLANDIA/MS,464.00,20°58'S,54°58'W,-20.981637,-54.971870,1557,,471.00,A754
481,ESTAÇÃO METEOROLÓGICA AUTOMATICA DE DOM PEDRITO/RS,170.00,30°59'S,53°48'W,-30.992475,-54.815270,3984,,157.00,A881
27,ESTAÇÃO METEOROLÓGICA AUTOMATICA DE CPº. GRANDE/MS,530.00,20°27'S,54°36'W,-20.447195,-54.722615,1505,,528.00,A702
43,ESTAÇÃO METEOROLÓGICA AUTOMATICA DE RIO BRILHANTE/MS,329.00,21°46'S,54°31'W,-21.774940,-54.528108,1549,,324.00,A743
455,ESTAÇÃO METEOROLÓGICA AUTOMATICA DE SANTA ROSA/RS,276.00,27°53'S,54°28'W,-27.890463,-54.480014,4215,,273.00,A810
82,ESTAÇÃO METEOROLÓGICA AUTOMATICA DE STO ANTONIO DO LESTE/MT,648.00,14°55'S,53°53'W,-14.927883,-53.883643,1462,,664.00,A931
450,ESTAÇÃO METEOROLÓGICA AUTOMATICA DE SANTA MARIA/RS,95.00,29°42'S,53°42'W,-29.724960,-53.720469,4213,,103.00,A803
475,ESTAÇÃO METEOROLÓGICA AUTOMATICA DE CRUZ ALTA/RS,432.00,28°36'S,53°40'W,-28.603440,-53.673597,3973,,427.00,A853
468,ESTAÇÃO METEOROLÓGICA AUTOMATICA DE JAGUARÃO/RS,47.00,32°33'S,53°22'W,-32.534825,-53.375860,4070,,31.00,A836
53,ESTAÇÃO METEOROLÓGICA AUTOMATICA DE COSTA RICA/MS,730.00,18°29'S,53°10'W,-18.492665,-53.171261,1512,,727.00,A760
256,ESTAÇÃO METEOROLÓGICA AUTOMATICA DE MEDICILANDIA/PA,251.00,03°30'S,52°57'W,-3.510943,-52.963450,2486,,252.00,A209
438,ESTAÇÃO METEOROLÓGICA AUTOMATICA DE DIAMANTE DO NORTE/PR,362.00,22°38'S,52°53'W,-22.639366,-52.890156,2880,,368.00,A849
469,ESTAÇÃO METEOROLÓGICA AUTOMATICA DE SOLEDADE/RS,667.00,28°51'S,52°33'W,-28.859211,-52.542387,4284,,660.00,A837
461,ESTAÇÃO METEOROLÓGICA AUTOMATICA DE ERECHIM/RS,765.00,27°39'S,52°18'W,-27.657710,-52.305805,3996,,777.00,A828
69,ESTAÇÃO METEOROLÓGICA AUTOMATICA DE QUERÊNCIA/MT,382.00,12°37'S,52°13'W,-12.627315,-52.220891,1448,,361.00,A916
62,ESTAÇÃO METEOROLÓGICA AUTOMATICA DE ÁGUA BOA/MT,432.00,14°00'S,52°12'W,-14.016496,-52.211690,1347,,440.00,A908
429,ESTAÇÃO METEOROLÓGICA AUTOMATICA DE NOVA TEBAS/PR,654.00,24°26'S,51°57'W,-24.437346,-51.963020,3025,,656.00,A822
29,ESTAÇÃO METEOROLÓGICA AUTOMATICA DE TRES LAGOAS/MS,313.00,20°46'S,51°42'W,-20.790000,-51.712200,1562,,329.00,A704
472,ESTAÇÃO METEOROLÓGICA AUTOMATICA DE BENTO GONÇALVES/RS,640.00,29°10'S,51°32'W,-29.164581,-51.534202,3891,,623.00,A840
448,ESTAÇÃO METEOROLÓGICA AUTOMATICA DE PORTO ALEGRE/RS,46.97,30°03'S,51°10'W,-30.053536,-51.174766,4173,,41.00,A801
270,ESTAÇÃO METEOROLÓGICA AUTOMATICA DE TUCUMA/PA,302.00,06°44'S,51°08'W,-6.743208,-51.141899,2552,,321.00,A234
480,ESTAÇÃO METEOROLÓGICA AUTOMATICA DE VACARIA/RS,986.00,28°30'S,50°52'W,-28.513602,-50.882738,4322,,970.00,A880
7,ESTAÇÃO METEOROLÓGICA AUTOMATICA DE SÃO SIMÃO/GO,488.51,18°58'S,50°37'W,-18.969142,-50.633449,1105,,492.00,A011
409,ESTAÇÃO METEOROLÓGICA AUTOMATICA DE JALES/SP,457.00,20°09'S,50°35'W,-20.165025,-50.595134,4988,,460.00,A733
442,ESTAÇÃO METEOROLÓGICA AUTOMATICA DE JAPIRA/PR,930.00,23°46'S,50°10'W,-23.773341,-50.180570,2956,,693.00,A871
502,ESTAÇÃO METEOROLÓGICA AUTOMATICA DE RIO DO CAMPO/SC,592.00,26°56'S,50°08'W,-26.937526,-50.145445,4625,,592.00,A861
277,ESTAÇÃO METEOROLÓGICA AUTOMATICA DE XINGUARA/PA,245.00,07°06'S,49°92'W,-7.110518,-49.926072,2559,,245.00,A247
402,ESTAÇÃO METEOROLÓGICA AUTOMATICA DE OURINHOS/SP,448.00,22°57'S,49°51'W,-22.949000,-49.894546,5097,,443.00,A716
504,ESTAÇÃO METEOROLÓGICA AUTOMATICA DE ITUPORANGA/SC,484.00,27°25'S,49°38'W,-27.418410,-49.646874,4541,,480.00,A863
302,ESTAÇÃO METEOROLÓGICA AUTOMATICA DE ARAGUACU/TO,231.00,12°59'S,49°52'W,-12.592213,-49.528738,5435,,231.00,A054
490,ESTAÇÃO METEOROLÓGICA AUTOMATICA DE URUSSANGA/SC,48.00,28°31'S,49°18'W,-28.532557,-49.315205,4693,,41.00,A814
24,ESTAÇÃO METEOROLÓGICA AUTOMATICA DE ITUMBIARA/GO,488.00,18°24'S,49°11'W,-18.409761,-49.192061,1006,,491.00,A035
274,ESTAÇÃO METEOROLÓGICA AUTOMATICA DE MARABA/PA,116.00,05°10'S,49°22'W,-5.366447,-49.051166,2482,,117.00,A240
404,ESTAÇÃO METEOROLÓGICA AUTOMATICA DE AVARÉ/SP,654.00,23°04'S,48°53'W,-23.101749,-48.940997,4756,,776.00,A725
509,ESTAÇÃO METEOROLÓGICA AUTOMATICA DE ITAJAI/SC,18.00,26°57'S,48°45'W,-26.950924,-48.762031,4537,,10.00,A868
417,ESTAÇÃO METEOROLÓGICA AUTOMATICA DE BARRA BONITA/SP,544.00,22°20'S,48°33'W,-22.471205,-48.557573,4764,,534.00,A741
264,ESTAÇÃO METEOROLÓGICA AUTOMATICA DE SOURE/PA,11.00,00°48'S,48°30'W,-0.727827,-48.515795,2545,,13.00,A227
254,ESTAÇÃO METEOROLÓGICA AUTOMATICA DE BELÉM/PA,24.00,01°24'S,48°26'W,-1.411228,-48.439512,2435,,21.00,A201
22,ESTAÇÃO METEOROLÓGICA AUTOMATICA DE PIRES DO RIO/GO,752.00,17°18'S,48°16'W,-17.304153,-48.284131,1068,,757.00,A033
300,ESTAÇÃO METEOROLÓGICA AUTOMATICA DE SANTA ROSA DO TOCANTINS/TO,306.00,11°04'S,48°18'W,-11.429018,-48.184889,5543,,306.00,A052
401,ESTAÇÃO METEOROLÓGICA AUTOMATICA DE S. MIG. ARCANJO/SP,678.00,23°51'S,48°09'W,-23.852022,-48.164817,5268,,676.00,A715
328,ESTAÇÃO METEOROLÓGICA AUTOMATICA DE CONC. DAS ALAGOAS/MG,568.00,19°59'S,48°09'W,-19.985860,-48.151574,1753,,573.00,A520
2,ESTAÇÃO METEOROLÓGICA AUTOMATICA DE AGUAS EMENDADAS/GO,1200.00,15°35'S,47°37'W,-15.596491,-47.625801,882,,1030.00,A045
399,ESTAÇÃO METEOROLÓGICA AUTOMATICA DE SOROCABA/SP,609.00,23°21'S,47°40'W,-23.426035,-47.585552,5288,,609.00,A713
160,ESTAÇÃO METEOROLÓGICA AUTOMATICA DE CAROLINA/MA,192.00,07°20'S,47°27'W,-7.337269,-47.459839,1178,,183.00,A205
171,ESTAÇÃO METEOROLÓGICA AUTOMATICA DE IMPERATRIZ/MA,126.00,05°33'S,47°27'W,-5.555723,-47.459794,1218,,118.00,A225
259,ESTAÇÃO METEOROLÓGICA AUTOMATICA DE PARAGOMINAS/PA,101.00,03°00'S,47°20'W,-2.990361,-47.407833,2504,,113.00,A212
301,ESTAÇÃO METEOROLÓGICA AUTOMATICA DE ALMAS/TO,512.00,11°28'S,47°21'W,-11.284098,-47.212125,5428,,503.00,A053
350,ESTAÇÃO METEOROLÓGICA AUTOMATICA DE UNAI/MG,631.00,16°33'S,46°52'W,-16.554101,-46.881935,2390,,641.00,A542
423,ESTAÇÃO METEOROLÓGICA AUTOMATICA DE BARUERI/SP,791.00,23°31'S,46°52'W,-23.523890,-46.869450,4769,,777.00,A755
291,ESTAÇÃO METEOROLÓGICA AUTOMATICA DE DIANOPOLIS/TO,732.00,11°35'S,46°50'W,-11.594448,-46.847209,5470,,728.00,A038
13,ESTAÇÃO METEOROLÓGICA AUTOMATICA DE POSSE/GO,834.00,14°05'S,46°21'W,-14.089210,-46.366497,1074,,830.00,A017
361,ESTAÇÃO METEOROLÓGICA AUTOMATICA DE JOÃO PINHEIRO/MG,870.00,17°19'S,45°49'W,-17.784770,-46.119394,1975,,877.00,A553
317,ESTAÇÃO METEOROLÓGICA AUTOMATICA DE MONTE VERDE/MG,1500.00,22°51'S,46°02'W,-22.861604,-46.043365,1678,,1545.00,A509
169,ESTAÇÃO METEOROLÓGICA AUTOMATICA DE ALTO PARNAÍBA/MA,281.00,09°06'S,45°55'W,-9.108199,-45.932016,1137,,284.00,A223
339,ESTAÇÃO METEOROLÓGICA AUTOMATICA DE MARIA DA FÉ/MG,1276.00,22°18'S,45°22'W,-22.314567,-45.373049,2022,,1281.00,A531
166,ESTAÇÃO METEOROLÓGICA AUTOMATICA DE BACABAL/MA,28.00,04°14'S,44°47'W,-4.243056,-44.794993,1148,,22.00,A220
382,ESTAÇÃO METEOROLÓGICA AUTOMATICA DE PARATÍ/RJ,4.00,23°13'S,44°43'W,-23.223540,-44.726863,3642,,3.00,A619
110,ESTAÇÃO METEOROLÓGICA AUTOMATICA DE CORRENTINA/BA,540.00,13°20'S,44°37'W,-13.332386,-44.617376,391,,552.00,A416
334,ESTAÇÃO METEOROLÓGICA AUTOMATICA DE MONTALVANIA/MG,512.00,14°24'S,44°21'W,-14.408228,-44.404123,2056,,520.00,A526
363,ESTAÇÃO METEOROLÓGICA AUTOMATICA DE IBIRITÈ (ROLA MOÇA)/MG,1208.00,20°01'S,44°04'W,-20.031457,-44.011249,1901,,1199.00,A555
312,ESTAÇÃO METEOROLÓGICA AUTOMATICA DE BARBACENA/MG,1155.00,21°13'S,43°46'W,-21.228373,-43.767703,1624,,1169.00,A502
345,ESTAÇÃO METEOROLÓGICA AUTOMATICA DE DIAMANTINA/MG,1356.00,18°13'S,43°38'W,-18.231052,-43.648269,1804,,1359.00,A537
172,ESTAÇÃO METEOROLÓGICA AUTOMATICA DE CAXIAS/MA,76.00,04°49'S,43°20'W,-4.821352,-43.343659,1180,,85.00,A237
202,ESTAÇÃO METEOROLÓGICA AUTOMATICA DE CARACOL/PI,523.00,09°17'S,43°19'W,-9.285880,-43.324438,3418,,515.00,A337
373,ESTAÇÃO METEOROLÓGICA AUTOMATICA DE XEREM/RJ,33.00,22°35'S,43°16'W,-22.589806,-43.282233,3614,,24.00,A603
129,ESTAÇÃO METEOROLÓGICA AUTOMATICA DE IBOTIRAMA/BA,430.00,12°11'S,43°12'W,-12.193060,-43.213420,439,,425.00,A439
381,ESTAÇÃO METEOROLÓGICA AUTOMATICA DE TERESÓPOLIS/RJ,980.00,22°26'S,42°59'W,-22.448922,-42.987146,3675,,991.00,A618
142,ESTAÇÃO METEOROLÓGICA AUTOMATICA DE MACAUBAS/BA,574.00,13°03'S,42°61'W,-13.038900,-42.617200,518,,574.00,A454
359,ESTAÇÃO METEOROLÓGICA AUTOMATICA DE RIO PARDO DE MINAS/MG,950.00,15°36'S,43°36'W,-15.723139,-42.435750,2210,,850.00,A551
325,ESTAÇÃO METEOROLÓGICA AUTOMATICA DE MURIAÉ/MG,297.00,21°06'S,42°23'W,-21.104867,-42.375904,2070,,283.00,A517
199,ESTAÇÃO METEOROLÓGICA AUTOMATICA DE SÃO JOÃO DO PIAUÍ/PI,235.00,08°21'S,42°15'W,-8.364977,-42.250369,3560,,237.00,A331
364,ESTAÇÃO METEOROLÓGICA AUTOMATICA DE MANHUAÇU/MG,836.00,20°15'S,40°10'W,-20.263378,-42.182817,2017,,819.00,A556
377,ESTAÇÃO METEOROLÓGICA AUTOMATICA DE MACAÉ/RJ,32.00,22°23'S,41°49'W,-22.376318,-41.812053,3626,,25.00,A608
120,ESTAÇÃO METEOROLÓGICA AUTOMATICA DE PIATÃ/BA,1290.00,13°09'S,41°46'W,-13.155681,-41.774125,578,,1284.00,A430
208,ESTAÇÃO METEOROLÓGICA AUTOMATICA DE CASTELO DO PIAUÍ/PI,286.00,05°20'S,41°30'W,-5.349228,-41.512274,3421,,269.00,A361
383,ESTAÇÃO METEOROLÓGICA AUTOMATICA DE SÃO TOMÉ/RJ,8.00,22°02'S,41°03'W,-22.041647,-41.051871,3604,,7.00,A620
306,ESTAÇÃO METEOROLÓGICA AUTOMATICA DE ALFREDO CHAVES/ES,35.00,20°38'S,40°44'W,-20.636526,-40.741818,5,,14.00,A615
183,ESTAÇÃO METEOROLÓGICA AUTOMATICA DE PETROLINA/PE,370.46,09°23'S,40°29'W,-9.388323,-40.523262,3308,,373.00,A307
106,ESTAÇÃO METEOROLÓGICA AUTOMATICA DE MACAJUBA/BA,380.00,12°07'S,40°21'W,-12.131694,-40.354222,516,,339.00,A412
136,ESTAÇÃO METEOROLÓGICA AUTOMATICA DE ITAPETINGA/BA,269.00,15°14'S,40°13'W,-15.244620,-40.229550,474,,271.00,A446
305,ESTAÇÃO METEOROLÓGICA AUTOMATICA DE LINHARES/ES,40.00,19°21'S,40°04'W,-19.356923,-40.068680,43,,38.00,A614
126,ESTAÇÃO METEOROLÓGICA AUTOMATICA DE QUEIMADAS/BA,315.00,10°59'S,39°37'W,-10.984645,-39.617009,597,,310.00,A436
156,ESTAÇÃO METEOROLÓGICA AUTOMATICA DE ITAPIPOCA/CE,102.00,03°29'S,39°35'W,-3.484298,-39.588715,785,,104.00,A359
148,ESTAÇÃO METEOROLÓGICA AUTOMATICA DE IGUATÚ/CE,233.00,06°23'S,39°16'W,-6.396375,-39.268954,774,,222.00,A319
104,ESTAÇÃO METEOROLÓGICA AUTOMATICA DE ILHEUS/BA,78.00,14°39'S,39°09'W,-14.658803,-39.181438,444,,80.00,A410
107,ESTAÇÃO METEOROLÓGICA AUTOMATICA DE FEIRA DE SANTANA/BA,231.00,12°15'S,38°58'W,-12.196200,-38.967384,411,,230.00,A413
146,ESTAÇÃO METEOROLÓGICA AUTOMATICA DE GUARAMIRANGA/CE,38.20,04°15'S,38°11'W,-4.261351,-38.931068,766,,866.00,A314
151,ESTAÇÃO METEOROLÓGICA AUTOMATICA DE MORADA NOVA/CE,43.60,05°08'S,38°21'W,-5.136689,-38.356590,814,,45.00,A332
221,ESTAÇÃO METEOROLÓGICA AUTOMATICA DE ITABAIANINHA/SE,208.00,11°16'S,37°47'W,-11.272500,-37.795000,5377,,205.00,A417
189,ESTAÇÃO METEOROLÓGICA AUTOMATICA DE IBIMIRIM/PE,448.00,08°30'S,37°42'W,-8.509552,-37.711591,3254,,434.00,A349
91,ESTAÇÃO METEOROLÓGICA AUTOMATICA DE PÃO DE AÇUCAR/AL,19.00,09°45'S,37°26'W,-9.749220,-37.430765,168,,21.00,A323
215,ESTAÇÃO METEOROLÓGICA AUTOMATICA DE MACAU/RN,3.43,05°07'S,36°46'W,-5.151035,-36.573142,3759,,17.00,A317
180,ESTAÇÃO METEOROLÓGICA AUTOMATICA DE CABACEIRAS/PB,436.00,07°29'S,36°17'W,-7.483206,-36.286469,2598,,392.00,A348
192,ESTAÇÃO METEOROLÓGICA AUTOMATICA DE PALMARES/PE,180.00,08°39'S,35°34'W,-8.666667,-35.567921,3297,,164.00,A357
95,ESTAÇÃO METEOROLÓGICA AUTOMATICA DE SÃO LUIS DO QUITUNDE/AL,19.00,09°17'S,35°33'W,-9.287481,-35.565878,191,,14.00,A356
213,ESTAÇÃO METEOROLÓGICA AUTOMATICA DE NATAL/RN,48.60,05°54'S,35°12'W,-5.837187,-35.207921,3769,,47.00,A304
418,ESTAÇÃO METEOROLÓGICA AUTOMATICA DE MOELA/SP,45.00,24°02'S,46°15'W,0.000000,0.000000,4918,,0.00,ZZZ3
